Software Version,3.09.07,,,,,,,,,,,,,,,,,,,,,,,,,,,,,,,,,,,,,,,,,,,,,,,,,,,,,,,,,,,,,,,,,,,,,,,,,,,,,,,,,,,,,,,,,,,,,,,,,
,,,,,,,,,,,,,,,,,,,,,,,,,,,,,,,,,,,,,,,,,,,,,,,,,,,,,,,,,,,,,,,,,,,,,,,,,,,,,,,,,,,,,,,,,,,,,,,,,,
Experiment File Path:,C:\Users\Public\Documents\Experiments\Limin_growthcurve\round3\box3_tsb_06222020.xpt,,,,,,,,,,,,,,,,,,,,,,,,,,,,,,,,,,,,,,,,,,,,,,,,,,,,,,,,,,,,,,,,,,,,,,,,,,,,,,,,,,,,,,,,,,,,,,,,,
Protocol File Path:,C:\Users\Public\Documents\Protocols\PoretPeterson_Lab\growthcurve6-21-2019.prt,,,,,,,,,,,,,,,,,,,,,,,,,,,,,,,,,,,,,,,,,,,,,,,,,,,,,,,,,,,,,,,,,,,,,,,,,,,,,,,,,,,,,,,,,,,,,,,,,
Plate Number,Plate 7,,,,,,,,,,,,,,,,,,,,,,,,,,,,,,,,,,,,,,,,,,,,,,,,,,,,,,,,,,,,,,,,,,,,,,,,,,,,,,,,,,,,,,,,,,,,,,,,,
Date,6/20/20,,,,,,,,,,,,,,,,,,,,,,,,,,,,,,,,,,,,,,,,,,,,,,,,,,,,,,,,,,,,,,,,,,,,,,,,,,,,,,,,,,,,,,,,,,,,,,,,,
Time,11:00:53 AM,,,,,,,,,,,,,,,,,,,,,,,,,,,,,,,,,,,,,,,,,,,,,,,,,,,,,,,,,,,,,,,,,,,,,,,,,,,,,,,,,,,,,,,,,,,,,,,,,
Reader Type:,Synergy HTX,,,,,,,,,,,,,,,,,,,,,,,,,,,,,,,,,,,,,,,,,,,,,,,,,,,,,,,,,,,,,,,,,,,,,,,,,,,,,,,,,,,,,,,,,,,,,,,,,
Reader Serial Number:,1810092B,,,,,,,,,,,,,,,,,,,,,,,,,,,,,,,,,,,,,,,,,,,,,,,,,,,,,,,,,,,,,,,,,,,,,,,,,,,,,,,,,,,,,,,,,,,,,,,,,
Reading Type,Reader,,,,,,,,,,,,,,,,,,,,,,,,,,,,,,,,,,,,,,,,,,,,,,,,,,,,,,,,,,,,,,,,,,,,,,,,,,,,,,,,,,,,,,,,,,,,,,,,,
,,,,,,,,,,,,,,,,,,,,,,,,,,,,,,,,,,,,,,,,,,,,,,,,,,,,,,,,,,,,,,,,,,,,,,,,,,,,,,,,,,,,,,,,,,,,,,,,,,
Procedure Details,,,,,,,,,,,,,,,,,,,,,,,,,,,,,,,,,,,,,,,,,,,,,,,,,,,,,,,,,,,,,,,,,,,,,,,,,,,,,,,,,,,,,,,,,,,,,,,,,,
Plate Type,96 WELL PLATE,,,,,,,,,,,,,,,,,,,,,,,,,,,,,,,,,,,,,,,,,,,,,,,,,,,,,,,,,,,,,,,,,,,,,,,,,,,,,,,,,,,,,,,,,,,,,,,,,
Eject plate on completion,,,,,,,,,,,,,,,,,,,,,,,,,,,,,,,,,,,,,,,,,,,,,,,,,,,,,,,,,,,,,,,,,,,,,,,,,,,,,,,,,,,,,,,,,,,,,,,,,,
Set Temperature,"Setpoint 28¡C, Gradient 0 ¡C",,,,,,,,,,,,,,,,,,,,,,,,,,,,,,,,,,,,,,,,,,,,,,,,,,,,,,,,,,,,,,,,,,,,,,,,,,,,,,,,,,,,,,,,,,,,,,,,,
,Preheat before moving to next step,,,,,,,,,,,,,,,,,,,,,,,,,,,,,,,,,,,,,,,,,,,,,,,,,,,,,,,,,,,,,,,,,,,,,,,,,,,,,,,,,,,,,,,,,,,,,,,,,
Start Kinetic,"Runtime 72:00:00 (HH:MM:SS), Interval 0:30:00, 145 Reads",,,,,,,,,,,,,,,,,,,,,,,,,,,,,,,,,,,,,,,,,,,,,,,,,,,,,,,,,,,,,,,,,,,,,,,,,,,,,,,,,,,,,,,,,,,,,,,,,
    Shake,Orbital: Continuous,,,,,,,,,,,,,,,,,,,,,,,,,,,,,,,,,,,,,,,,,,,,,,,,,,,,,,,,,,,,,,,,,,,,,,,,,,,,,,,,,,,,,,,,,,,,,,,,,
,Frequency: 205 cpm (5 mm),,,,,,,,,,,,,,,,,,,,,,,,,,,,,,,,,,,,,,,,,,,,,,,,,,,,,,,,,,,,,,,,,,,,,,,,,,,,,,,,,,,,,,,,,,,,,,,,,
    Read,Absorbance Endpoint,,,,,,,,,,,,,,,,,,,,,,,,,,,,,,,,,,,,,,,,,,,,,,,,,,,,,,,,,,,,,,,,,,,,,,,,,,,,,,,,,,,,,,,,,,,,,,,,,
,Full Plate,,,,,,,,,,,,,,,,,,,,,,,,,,,,,,,,,,,,,,,,,,,,,,,,,,,,,,,,,,,,,,,,,,,,,,,,,,,,,,,,,,,,,,,,,,,,,,,,,
,Wavelengths:  600,,,,,,,,,,,,,,,,,,,,,,,,,,,,,,,,,,,,,,,,,,,,,,,,,,,,,,,,,,,,,,,,,,,,,,,,,,,,,,,,,,,,,,,,,,,,,,,,,
,"Read Speed: Normal,  Delay: 100 msec,  Measurements/Data Point: 8",,,,,,,,,,,,,,,,,,,,,,,,,,,,,,,,,,,,,,,,,,,,,,,,,,,,,,,,,,,,,,,,,,,,,,,,,,,,,,,,,,,,,,,,,,,,,,,,,
End Kinetic,,,,,,,,,,,,,,,,,,,,,,,,,,,,,,,,,,,,,,,,,,,,,,,,,,,,,,,,,,,,,,,,,,,,,,,,,,,,,,,,,,,,,,,,,,,,,,,,,,
,,,,,,,,,,,,,,,,,,,,,,,,,,,,,,,,,,,,,,,,,,,,,,,,,,,,,,,,,,,,,,,,,,,,,,,,,,,,,,,,,,,,,,,,,,,,,,,,,,
Layout,,,,,,,,,,,,,,,,,,,,,,,,,,,,,,,,,,,,,,,,,,,,,,,,,,,,,,,,,,,,,,,,,,,,,,,,,,,,,,,,,,,,,,,,,,,,,,,,,,
,,,,,,,,,,,,,,,,,,,,,,,,,,,,,,,,,,,,,,,,,,,,,,,,,,,,,,,,,,,,,,,,,,,,,,,,,,,,,,,,,,,,,,,,,,,,,,,,,,
,,1,2,3,4,5,6,7,8,9,10,11,12,,,,,,,,,,,,,,,,,,,,,,,,,,,,,,,,,,,,,,,,,,,,,,,,,,,,,,,,,,,,,,,,,,,,,,,,,,,,,,,,,,,,,
,A,SPL1,SPL2,SPL3,SPLC63,SPL4,SPL5,SPL6,SPLC56,SPL7,SPL8,SPL9,SPLC49,Well ID,,,,,,,,,,,,,,,,,,,,,,,,,,,,,,,,,,,,,,,,,,,,,,,,,,,,,,,,,,,,,,,,,,,,,,,,,,,,,,,,,,,,
,B,SPLC1,SPLC1,SPLC3,SPLC64,SPLC5,SPLC6,SPLC7,SPLC57,SPLC9,SPLC10,SPLC11,SPLC50,Well ID,,,,,,,,,,,,,,,,,,,,,,,,,,,,,,,,,,,,,,,,,,,,,,,,,,,,,,,,,,,,,,,,,,,,,,,,,,,,,,,,,,,,
,C,SPL10,SPL11,SPL12,SPLC65,SPL13,SPL14,SPL15,SPLC58,SPL16,SPL17,SPL18,SPLC51,Well ID,,,,,,,,,,,,,,,,,,,,,,,,,,,,,,,,,,,,,,,,,,,,,,,,,,,,,,,,,,,,,,,,,,,,,,,,,,,,,,,,,,,,
,D,SPLC13,SPLC14,SPLC15,SPLC66,SPLC17,SPLC18,SPLC19,SPLC59,SPLC21,SPLC22,SPLC23,SPLC52,Well ID,,,,,,,,,,,,,,,,,,,,,,,,,,,,,,,,,,,,,,,,,,,,,,,,,,,,,,,,,,,,,,,,,,,,,,,,,,,,,,,,,,,,
,E,SPL19,SPL20,SPL21,SPLC67,SPL22,SPL23,SPL24,SPLC60,SPL25,SPL26,SPL27,SPLC53,Well ID,,,,,,,,,,,,,,,,,,,,,,,,,,,,,,,,,,,,,,,,,,,,,,,,,,,,,,,,,,,,,,,,,,,,,,,,,,,,,,,,,,,,
,F,SPLC25,SPLC26,SPLC27,SPLC68,SPLC29,SPLC30,SPLC31,SPLC61,SPLC33,SPLC34,SPLC35,SPLC54,Well ID,,,,,,,,,,,,,,,,,,,,,,,,,,,,,,,,,,,,,,,,,,,,,,,,,,,,,,,,,,,,,,,,,,,,,,,,,,,,,,,,,,,,
,G,SPL28,SPL29,SPL30,SPLC69,SPL31,SPL32,SPL33,SPLC62,SPL34,SPL35,SPL36,SPLC55,Well ID,,,,,,,,,,,,,,,,,,,,,,,,,,,,,,,,,,,,,,,,,,,,,,,,,,,,,,,,,,,,,,,,,,,,,,,,,,,,,,,,,,,,
,H,SPLC37,SPLC38,SPLC39,SPLC40,SPLC41,SPLC42,SPLC43,SPLC44,SPLC45,SPLC46,SPLC47,SPLC48,Well ID,,,,,,,,,,,,,,,,,,,,,,,,,,,,,,,,,,,,,,,,,,,,,,,,,,,,,,,,,,,,,,,,,,,,,,,,,,,,,,,,,,,,
,,,,,,,,,,,,,,,,,,,,,,,,,,,,,,,,,,,,,,,,,,,,,,,,,,,,,,,,,,,,,,,,,,,,,,,,,,,,,,,,,,,,,,,,,,,,,,,,,,
600,,,,,,,,,,,,,,,,,,,,,,,,,,,,,,,,,,,,,,,,,,,,,,,,,,,,,,,,,,,,,,,,,,,,,,,,,,,,,,,,,,,,,,,,,,,,,,,,,,
,,,,,,,,,,,,,,,,,,,,,,,,,,,,,,,,,,,,,,,,,,,,,,,,,,,,,,,,,,,,,,,,,,,,,,,,,,,,,,,,,,,,,,,,,,,,,,,,,,
,Time,T¡ 600,A1,A2,A3,A4,A5,A6,A7,A8,A9,A10,A11,A12,B1,B2,B3,B4,B5,B6,B7,B8,B9,B10,B11,B12,C1,C2,C3,C4,C5,C6,C7,C8,C9,C10,C11,C12,D1,D2,D3,D4,D5,D6,D7,D8,D9,D10,D11,D12,E1,E2,E3,E4,E5,E6,E7,E8,E9,E10,E11,E12,F1,F2,F3,F4,F5,F6,F7,F8,F9,F10,F11,F12,G1,G2,G3,G4,G5,G6,G7,G8,G9,G10,G11,G12,H1,H2,H3,H4,H5,H6,H7,H8,H9,H10,H11,H12
,0:29:20,28.1,0.086,0.084,0.085,0.086,0.085,0.083,0.084,0.085,0.086,0.086,0.086,0.088,0.087,0.087,0.086,0.085,0.088,0.085,0.086,0.086,0.086,0.087,0.087,0.086,0.085,0.087,0.087,0.088,0.096,0.086,0.085,0.087,0.086,0.086,0.086,0.085,0.086,0.087,0.087,0.086,0.086,0.087,0.087,0.086,0.087,0.086,0.087,0.086,0.086,0.087,0.088,0.086,0.084,0.086,0.085,0.085,0.085,0.086,0.085,0.085,0.083,0.089,0.088,0.085,0.087,0.085,0.084,0.088,0.087,0.085,0.086,0.086,0.085,0.093,0.09,0.084,0.085,0.083,0.084,0.089,0.087,0.087,0.087,0.086,0.089,0.095,0.086,0.085,0.086,0.084,0.085,0.086,0.087,0.088,0.088,0.088
,0:59:20,28.2,0.086,0.084,0.087,0.087,0.086,0.085,0.085,0.087,0.088,0.087,0.087,0.089,0.089,0.091,0.09,0.089,0.091,0.088,0.089,0.086,0.088,0.09,0.088,0.088,0.09,0.094,0.093,0.093,0.101,0.091,0.09,0.091,0.091,0.091,0.091,0.087,0.09,0.092,0.092,0.091,0.091,0.091,0.09,0.09,0.091,0.091,0.09,0.088,0.092,0.093,0.095,0.092,0.09,0.091,0.09,0.09,0.089,0.088,0.089,0.087,0.083,0.093,0.093,0.091,0.091,0.089,0.089,0.092,0.091,0.087,0.09,0.087,0.085,0.093,0.094,0.087,0.088,0.087,0.088,0.092,0.089,0.089,0.089,0.087,0.09,0.09,0.087,0.086,0.087,0.085,0.086,0.087,0.088,0.088,0.089,0.088
,1:29:20,28.2,0.087,0.086,0.091,0.09,0.091,0.089,0.089,0.09,0.092,0.09,0.092,0.092,0.095,0.1,0.098,0.097,0.098,0.095,0.096,0.089,0.091,0.097,0.093,0.093,0.102,0.105,0.102,0.102,0.111,0.1,0.099,0.099,0.101,0.099,0.098,0.093,0.104,0.103,0.102,0.102,0.101,0.1,0.1,0.099,0.1,0.098,0.098,0.094,0.106,0.105,0.105,0.103,0.101,0.102,0.101,0.099,0.098,0.095,0.097,0.094,0.086,0.104,0.104,0.102,0.101,0.098,0.098,0.101,0.099,0.093,0.097,0.091,0.092,0.103,0.104,0.095,0.095,0.097,0.098,0.099,0.097,0.094,0.095,0.092,0.104,0.101,0.095,0.091,0.091,0.089,0.091,0.092,0.093,0.093,0.092,0.092
,1:59:20,28.2,0.087,0.085,0.09,0.089,0.09,0.088,0.088,0.089,0.091,0.09,0.091,0.091,0.093,0.098,0.097,0.095,0.097,0.094,0.095,0.089,0.091,0.096,0.092,0.091,0.1,0.105,0.102,0.101,0.11,0.1,0.099,0.098,0.1,0.099,0.098,0.092,0.102,0.102,0.102,0.101,0.1,0.099,0.098,0.097,0.099,0.098,0.097,0.093,0.105,0.105,0.105,0.102,0.101,0.101,0.101,0.098,0.097,0.095,0.096,0.092,0.085,0.103,0.103,0.101,0.1,0.097,0.097,0.099,0.098,0.093,0.096,0.09,0.09,0.102,0.104,0.094,0.095,0.096,0.097,0.098,0.096,0.093,0.094,0.09,0.102,0.1,0.093,0.09,0.09,0.088,0.09,0.091,0.091,0.091,0.091,0.091
,2:29:20,28.2,0.086,0.085,0.089,0.089,0.089,0.087,0.088,0.088,0.09,0.09,0.09,0.09,0.091,0.096,0.096,0.094,0.096,0.093,0.094,0.089,0.091,0.095,0.092,0.091,0.098,0.104,0.103,0.099,0.109,0.099,0.098,0.097,0.099,0.099,0.097,0.091,0.099,0.101,0.101,0.099,0.099,0.098,0.097,0.096,0.098,0.097,0.095,0.091,0.106,0.108,0.106,0.1,0.1,0.1,0.1,0.096,0.096,0.094,0.094,0.091,0.084,0.103,0.101,0.098,0.098,0.095,0.096,0.097,0.097,0.092,0.094,0.089,0.087,0.103,0.103,0.093,0.095,0.094,0.095,0.096,0.094,0.092,0.092,0.089,0.101,0.097,0.091,0.089,0.089,0.087,0.088,0.088,0.09,0.09,0.089,0.09
,2:59:20,28.2,0.086,0.085,0.09,0.089,0.089,0.088,0.088,0.089,0.091,0.09,0.091,0.091,0.092,0.097,0.097,0.094,0.097,0.094,0.095,0.09,0.091,0.096,0.092,0.091,0.101,0.107,0.105,0.1,0.11,0.1,0.098,0.097,0.1,0.099,0.098,0.092,0.102,0.103,0.103,0.1,0.099,0.099,0.098,0.097,0.099,0.098,0.096,0.092,0.11,0.11,0.108,0.101,0.102,0.101,0.101,0.096,0.096,0.094,0.095,0.092,0.085,0.105,0.103,0.099,0.099,0.096,0.097,0.098,0.097,0.093,0.095,0.089,0.087,0.105,0.105,0.093,0.096,0.095,0.096,0.097,0.094,0.093,0.093,0.089,0.104,0.098,0.091,0.089,0.09,0.087,0.088,0.089,0.09,0.09,0.09,0.09
,3:29:20,28.2,0.087,0.086,0.091,0.09,0.091,0.09,0.089,0.09,0.092,0.091,0.092,0.091,0.094,0.1,0.1,0.097,0.099,0.096,0.096,0.091,0.093,0.097,0.094,0.092,0.104,0.11,0.107,0.103,0.113,0.103,0.101,0.099,0.102,0.101,0.1,0.093,0.106,0.106,0.106,0.103,0.102,0.102,0.1,0.099,0.101,0.1,0.098,0.093,0.113,0.112,0.111,0.104,0.104,0.103,0.104,0.099,0.099,0.096,0.097,0.094,0.085,0.108,0.106,0.102,0.101,0.099,0.099,0.1,0.099,0.096,0.097,0.09,0.09,0.108,0.108,0.095,0.098,0.098,0.099,0.099,0.096,0.094,0.095,0.091,0.107,0.102,0.094,0.091,0.091,0.089,0.09,0.091,0.092,0.091,0.091,0.091
,3:59:20,28.1,0.087,0.087,0.093,0.091,0.092,0.091,0.091,0.091,0.093,0.092,0.093,0.092,0.096,0.102,0.101,0.098,0.1,0.097,0.097,0.092,0.094,0.098,0.095,0.094,0.106,0.111,0.108,0.105,0.114,0.104,0.102,0.101,0.103,0.102,0.101,0.095,0.109,0.108,0.107,0.105,0.103,0.103,0.101,0.101,0.103,0.101,0.099,0.096,0.116,0.114,0.112,0.106,0.106,0.105,0.105,0.101,0.101,0.098,0.098,0.096,0.088,0.11,0.108,0.105,0.103,0.1,0.101,0.102,0.101,0.098,0.099,0.092,0.094,0.11,0.11,0.097,0.099,0.1,0.101,0.101,0.099,0.096,0.097,0.093,0.111,0.105,0.097,0.093,0.092,0.091,0.093,0.093,0.094,0.094,0.093,0.093
,4:29:20,28.1,0.086,0.086,0.091,0.089,0.09,0.089,0.089,0.089,0.091,0.091,0.092,0.09,0.092,0.098,0.098,0.095,0.097,0.094,0.094,0.09,0.092,0.096,0.093,0.091,0.104,0.111,0.108,0.101,0.112,0.102,0.1,0.098,0.101,0.101,0.099,0.092,0.105,0.106,0.105,0.101,0.1,0.1,0.098,0.097,0.1,0.098,0.097,0.092,0.118,0.116,0.113,0.102,0.104,0.102,0.102,0.097,0.097,0.095,0.095,0.092,0.085,0.109,0.106,0.101,0.1,0.097,0.098,0.099,0.098,0.096,0.096,0.089,0.089,0.112,0.11,0.094,0.098,0.097,0.098,0.097,0.095,0.093,0.093,0.089,0.109,0.102,0.093,0.09,0.09,0.088,0.089,0.09,0.092,0.09,0.09,0.09
,4:59:20,28.1,0.086,0.086,0.09,0.088,0.089,0.088,0.088,0.088,0.09,0.09,0.091,0.09,0.091,0.096,0.096,0.093,0.095,0.092,0.093,0.089,0.092,0.094,0.092,0.09,0.102,0.109,0.106,0.099,0.109,0.099,0.098,0.096,0.099,0.099,0.097,0.09,0.102,0.104,0.103,0.099,0.098,0.097,0.096,0.095,0.098,0.096,0.095,0.091,0.117,0.115,0.111,0.1,0.102,0.1,0.1,0.095,0.095,0.094,0.093,0.091,0.084,0.107,0.103,0.098,0.098,0.095,0.095,0.097,0.096,0.094,0.094,0.088,0.087,0.11,0.108,0.093,0.097,0.095,0.095,0.096,0.093,0.092,0.092,0.088,0.108,0.099,0.091,0.089,0.089,0.087,0.088,0.088,0.089,0.089,0.089,0.089
,5:29:20,28.1,0.086,0.086,0.089,0.088,0.089,0.088,0.088,0.088,0.09,0.09,0.091,0.09,0.091,0.095,0.095,0.092,0.095,0.092,0.092,0.09,0.091,0.094,0.092,0.09,0.102,0.108,0.105,0.098,0.108,0.099,0.097,0.095,0.098,0.098,0.096,0.09,0.102,0.104,0.102,0.098,0.097,0.096,0.095,0.094,0.097,0.095,0.094,0.09,0.116,0.114,0.11,0.099,0.101,0.099,0.099,0.094,0.094,0.093,0.092,0.09,0.084,0.106,0.102,0.097,0.097,0.094,0.095,0.096,0.095,0.094,0.093,0.088,0.087,0.11,0.107,0.093,0.096,0.094,0.094,0.095,0.092,0.092,0.091,0.088,0.106,0.098,0.091,0.088,0.089,0.087,0.087,0.088,0.089,0.089,0.089,0.089
,5:59:20,28.1,0.087,0.087,0.092,0.09,0.092,0.091,0.09,0.09,0.093,0.093,0.094,0.092,0.093,0.099,0.099,0.096,0.098,0.096,0.095,0.091,0.093,0.097,0.094,0.093,0.105,0.111,0.108,0.102,0.113,0.103,0.101,0.099,0.105,0.102,0.101,0.093,0.106,0.107,0.106,0.102,0.101,0.101,0.099,0.099,0.101,0.1,0.098,0.094,0.118,0.115,0.112,0.104,0.105,0.103,0.104,0.099,0.099,0.097,0.097,0.094,0.085,0.108,0.106,0.102,0.1,0.099,0.1,0.1,0.099,0.097,0.097,0.09,0.09,0.111,0.11,0.095,0.098,0.098,0.1,0.099,0.097,0.095,0.095,0.091,0.108,0.102,0.095,0.091,0.091,0.09,0.091,0.091,0.092,0.092,0.092,0.091
,6:29:20,28.1,0.087,0.087,0.09,0.089,0.09,0.089,0.089,0.089,0.091,0.091,0.092,0.091,0.092,0.097,0.096,0.093,0.096,0.093,0.093,0.09,0.092,0.094,0.092,0.091,0.103,0.108,0.106,0.099,0.11,0.101,0.098,0.096,0.1,0.1,0.098,0.091,0.103,0.104,0.103,0.099,0.098,0.098,0.095,0.096,0.098,0.097,0.095,0.091,0.116,0.114,0.11,0.1,0.102,0.101,0.101,0.096,0.096,0.094,0.094,0.092,0.085,0.106,0.103,0.099,0.098,0.096,0.096,0.097,0.096,0.095,0.094,0.088,0.09,0.11,0.107,0.093,0.097,0.096,0.097,0.096,0.094,0.093,0.092,0.089,0.106,0.1,0.093,0.09,0.09,0.088,0.089,0.089,0.09,0.09,0.09,0.09
,6:59:20,28.1,0.086,0.086,0.09,0.088,0.089,0.088,0.089,0.087,0.09,0.09,0.091,0.089,0.09,0.093,0.093,0.09,0.093,0.09,0.091,0.089,0.091,0.092,0.091,0.089,0.099,0.103,0.102,0.095,0.107,0.098,0.096,0.093,0.097,0.098,0.096,0.089,0.098,0.1,0.098,0.095,0.094,0.094,0.092,0.093,0.095,0.094,0.092,0.09,0.111,0.109,0.106,0.096,0.099,0.097,0.098,0.092,0.092,0.092,0.091,0.089,0.084,0.1,0.098,0.094,0.095,0.092,0.093,0.094,0.094,0.093,0.092,0.087,0.088,0.106,0.103,0.091,0.095,0.093,0.093,0.094,0.091,0.091,0.09,0.088,0.102,0.096,0.09,0.088,0.089,0.087,0.087,0.088,0.088,0.088,0.089,0.089
,7:29:20,28.1,0.086,0.086,0.09,0.087,0.09,0.088,0.089,0.087,0.09,0.09,0.091,0.089,0.089,0.092,0.091,0.089,0.092,0.089,0.09,0.089,0.09,0.091,0.09,0.089,0.098,0.102,0.101,0.093,0.106,0.097,0.095,0.092,0.096,0.097,0.095,0.088,0.096,0.098,0.097,0.093,0.093,0.093,0.091,0.091,0.093,0.092,0.091,0.089,0.111,0.109,0.105,0.094,0.097,0.096,0.096,0.091,0.09,0.091,0.09,0.088,0.084,0.099,0.097,0.092,0.094,0.091,0.091,0.093,0.092,0.092,0.09,0.087,0.088,0.105,0.102,0.09,0.094,0.092,0.092,0.093,0.09,0.09,0.089,0.087,0.1,0.093,0.089,0.087,0.088,0.087,0.086,0.087,0.088,0.088,0.088,0.088
,7:59:20,28.1,0.088,0.088,0.092,0.088,0.092,0.09,0.091,0.088,0.091,0.092,0.092,0.09,0.091,0.095,0.094,0.091,0.093,0.09,0.091,0.089,0.091,0.092,0.091,0.089,0.103,0.108,0.106,0.096,0.109,0.1,0.098,0.093,0.099,0.099,0.098,0.089,0.101,0.103,0.1,0.096,0.095,0.094,0.093,0.092,0.095,0.094,0.092,0.089,0.116,0.114,0.11,0.097,0.101,0.099,0.1,0.092,0.092,0.092,0.091,0.09,0.084,0.104,0.101,0.095,0.096,0.092,0.093,0.095,0.094,0.093,0.092,0.088,0.09,0.11,0.107,0.091,0.096,0.094,0.094,0.094,0.092,0.091,0.09,0.087,0.105,0.098,0.09,0.088,0.089,0.087,0.087,0.088,0.089,0.089,0.089,0.088
,8:29:20,28.1,0.089,0.089,0.094,0.089,0.094,0.093,0.093,0.089,0.094,0.094,0.095,0.091,0.092,0.097,0.096,0.093,0.096,0.093,0.093,0.091,0.092,0.094,0.093,0.091,0.106,0.11,0.108,0.098,0.113,0.104,0.101,0.096,0.103,0.103,0.101,0.091,0.103,0.104,0.103,0.099,0.098,0.097,0.095,0.095,0.098,0.097,0.095,0.092,0.117,0.115,0.112,0.1,0.105,0.103,0.103,0.096,0.096,0.094,0.094,0.092,0.086,0.106,0.103,0.099,0.098,0.095,0.097,0.098,0.097,0.095,0.095,0.089,0.093,0.112,0.11,0.093,0.098,0.098,0.098,0.097,0.094,0.093,0.093,0.089,0.106,0.1,0.093,0.09,0.09,0.089,0.089,0.09,0.091,0.09,0.09,0.09
,8:59:20,28.1,0.089,0.089,0.093,0.088,0.095,0.094,0.094,0.087,0.093,0.093,0.094,0.09,0.09,0.092,0.092,0.09,0.093,0.09,0.09,0.089,0.091,0.092,0.091,0.089,0.103,0.108,0.107,0.094,0.111,0.102,0.1,0.093,0.102,0.102,0.1,0.089,0.097,0.1,0.098,0.094,0.094,0.093,0.092,0.092,0.094,0.093,0.092,0.089,0.117,0.115,0.111,0.095,0.102,0.101,0.101,0.092,0.092,0.091,0.091,0.089,0.084,0.101,0.098,0.093,0.095,0.091,0.092,0.094,0.093,0.093,0.091,0.087,0.091,0.111,0.108,0.09,0.097,0.095,0.094,0.093,0.091,0.09,0.09,0.087,0.101,0.094,0.089,0.087,0.088,0.087,0.087,0.088,0.088,0.088,0.089,0.088
,9:29:20,28.2,0.089,0.089,0.093,0.086,0.096,0.095,0.095,0.086,0.092,0.093,0.093,0.088,0.088,0.088,0.088,0.087,0.089,0.087,0.088,0.087,0.089,0.089,0.089,0.087,0.098,0.1,0.099,0.09,0.107,0.099,0.097,0.089,0.098,0.098,0.098,0.087,0.09,0.092,0.091,0.089,0.089,0.09,0.089,0.088,0.09,0.089,0.089,0.087,0.105,0.104,0.102,0.089,0.097,0.097,0.098,0.088,0.087,0.089,0.087,0.087,0.083,0.092,0.09,0.088,0.091,0.088,0.088,0.09,0.089,0.089,0.088,0.086,0.092,0.102,0.1,0.087,0.093,0.091,0.09,0.09,0.088,0.088,0.087,0.086,0.093,0.089,0.087,0.086,0.087,0.085,0.086,0.087,0.087,0.087,0.088,0.087
,9:59:20,28.3,0.091,0.091,0.095,0.087,0.1,0.1,0.1,0.087,0.094,0.096,0.096,0.089,0.089,0.091,0.09,0.088,0.091,0.088,0.089,0.088,0.09,0.09,0.09,0.088,0.106,0.108,0.106,0.092,0.112,0.104,0.101,0.091,0.103,0.103,0.102,0.087,0.096,0.097,0.095,0.092,0.091,0.091,0.09,0.09,0.091,0.091,0.09,0.088,0.115,0.114,0.111,0.093,0.103,0.102,0.102,0.09,0.089,0.09,0.089,0.088,0.084,0.098,0.096,0.091,0.093,0.09,0.09,0.092,0.091,0.091,0.09,0.087,0.096,0.111,0.109,0.089,0.096,0.095,0.094,0.092,0.089,0.089,0.088,0.087,0.099,0.094,0.089,0.087,0.088,0.086,0.086,0.087,0.088,0.088,0.088,0.088
,10:29:20,28.1,0.095,0.095,0.102,0.09,0.109,0.109,0.108,0.09,0.101,0.102,0.103,0.092,0.094,0.1,0.099,0.096,0.098,0.095,0.095,0.091,0.093,0.096,0.094,0.093,0.119,0.122,0.12,0.101,0.126,0.117,0.114,0.099,0.117,0.117,0.114,0.093,0.106,0.107,0.105,0.102,0.1,0.1,0.097,0.098,0.1,0.1,0.097,0.094,0.129,0.128,0.125,0.103,0.117,0.115,0.116,0.099,0.099,0.096,0.096,0.094,0.086,0.109,0.106,0.102,0.1,0.098,0.099,0.1,0.099,0.097,0.097,0.089,0.104,0.124,0.122,0.095,0.104,0.105,0.105,0.099,0.096,0.095,0.095,0.091,0.108,0.103,0.095,0.091,0.091,0.09,0.091,0.092,0.092,0.091,0.091,0.091
,10:59:20,28,0.097,0.098,0.105,0.091,0.116,0.117,0.117,0.091,0.105,0.106,0.108,0.093,0.094,0.101,0.101,0.097,0.1,0.097,0.097,0.093,0.095,0.099,0.096,0.094,0.127,0.131,0.129,0.104,0.134,0.134,0.122,0.102,0.127,0.127,0.123,0.096,0.109,0.111,0.109,0.105,0.103,0.103,0.101,0.101,0.104,0.103,0.1,0.096,0.14,0.139,0.136,0.107,0.127,0.124,0.127,0.102,0.102,0.098,0.1,0.096,0.085,0.113,0.109,0.104,0.102,0.101,0.102,0.103,0.102,0.1,0.1,0.09,0.109,0.134,0.132,0.096,0.11,0.111,0.111,0.102,0.099,0.097,0.097,0.092,0.111,0.104,0.096,0.093,0.092,0.091,0.093,0.093,0.094,0.093,0.092,0.092
,11:29:20,28,0.1,0.1,0.106,0.089,0.121,0.124,0.124,0.089,0.107,0.109,0.111,0.091,0.092,0.097,0.096,0.093,0.096,0.094,0.094,0.091,0.093,0.096,0.094,0.092,0.141,0.131,0.13,0.099,0.135,0.137,0.124,0.099,0.131,0.131,0.127,0.093,0.105,0.106,0.104,0.1,0.099,0.099,0.097,0.098,0.101,0.1,0.097,0.094,0.144,0.141,0.137,0.102,0.129,0.126,0.129,0.098,0.099,0.096,0.096,0.093,0.085,0.108,0.105,0.1,0.099,0.097,0.099,0.1,0.099,0.097,0.097,0.088,0.114,0.137,0.133,0.094,0.11,0.111,0.11,0.099,0.096,0.095,0.095,0.09,0.106,0.1,0.094,0.091,0.091,0.09,0.091,0.092,0.092,0.091,0.091,0.09
,11:59:20,28,0.104,0.104,0.11,0.088,0.133,0.136,0.135,0.089,0.111,0.115,0.116,0.091,0.092,0.095,0.095,0.093,0.095,0.093,0.093,0.091,0.093,0.095,0.093,0.092,0.149,0.134,0.134,0.098,0.141,0.145,0.131,0.098,0.138,0.139,0.136,0.092,0.103,0.104,0.102,0.098,0.098,0.098,0.096,0.096,0.099,0.099,0.096,0.093,0.148,0.145,0.141,0.1,0.134,0.131,0.135,0.097,0.098,0.095,0.095,0.093,0.084,0.105,0.102,0.098,0.098,0.096,0.098,0.099,0.098,0.097,0.096,0.088,0.122,0.14,0.137,0.093,0.112,0.113,0.112,0.098,0.095,0.094,0.094,0.089,0.104,0.099,0.092,0.09,0.091,0.09,0.09,0.091,0.091,0.09,0.091,0.09
,12:29:20,28,0.11,0.11,0.116,0.088,0.147,0.153,0.15,0.089,0.118,0.122,0.123,0.091,0.092,0.095,0.094,0.092,0.095,0.093,0.093,0.091,0.093,0.095,0.094,0.092,0.16,0.142,0.14,0.097,0.149,0.157,0.141,0.098,0.151,0.151,0.15,0.092,0.102,0.103,0.101,0.098,0.097,0.098,0.096,0.096,0.099,0.099,0.096,0.093,0.155,0.153,0.151,0.099,0.142,0.141,0.145,0.096,0.098,0.095,0.095,0.093,0.084,0.104,0.101,0.098,0.098,0.096,0.097,0.099,0.098,0.097,0.096,0.088,0.134,0.149,0.144,0.092,0.116,0.117,0.116,0.098,0.095,0.093,0.093,0.089,0.102,0.098,0.092,0.09,0.091,0.09,0.09,0.091,0.092,0.091,0.091,0.09
,12:59:20,28,0.117,0.117,0.123,0.088,0.168,0.174,0.171,0.089,0.127,0.133,0.134,0.091,0.092,0.094,0.094,0.092,0.095,0.093,0.093,0.091,0.093,0.095,0.094,0.092,0.173,0.152,0.15,0.097,0.161,0.172,0.154,0.098,0.168,0.167,0.17,0.093,0.102,0.102,0.101,0.098,0.097,0.098,0.096,0.096,0.099,0.099,0.096,0.093,0.165,0.163,0.162,0.099,0.155,0.154,0.158,0.097,0.098,0.095,0.096,0.093,0.085,0.103,0.101,0.098,0.098,0.096,0.098,0.099,0.098,0.097,0.096,0.088,0.154,0.158,0.156,0.092,0.122,0.124,0.121,0.099,0.095,0.094,0.094,0.09,0.102,0.097,0.092,0.09,0.091,0.09,0.091,0.092,0.092,0.091,0.091,0.09
,13:29:20,28,0.126,0.126,0.134,0.088,0.191,0.203,0.198,0.089,0.138,0.147,0.147,0.091,0.092,0.094,0.093,0.091,0.095,0.093,0.092,0.091,0.093,0.095,0.094,0.092,0.188,0.166,0.163,0.096,0.177,0.212,0.17,0.098,0.19,0.185,0.193,0.092,0.101,0.101,0.1,0.097,0.097,0.098,0.096,0.096,0.099,0.099,0.096,0.093,0.178,0.178,0.179,0.099,0.171,0.17,0.173,0.097,0.098,0.095,0.095,0.093,0.084,0.102,0.1,0.097,0.097,0.096,0.097,0.099,0.098,0.097,0.096,0.088,0.174,0.17,0.17,0.092,0.129,0.132,0.128,0.098,0.095,0.094,0.094,0.09,0.1,0.096,0.091,0.09,0.091,0.09,0.091,0.092,0.092,0.091,0.091,0.09
,13:59:20,28,0.137,0.138,0.148,0.088,0.223,0.228,0.224,0.089,0.153,0.164,0.165,0.092,0.092,0.093,0.092,0.091,0.094,0.093,0.093,0.091,0.093,0.095,0.094,0.092,0.205,0.183,0.18,0.096,0.198,0.231,0.19,0.098,0.213,0.207,0.218,0.093,0.101,0.101,0.099,0.097,0.097,0.098,0.096,0.096,0.099,0.099,0.096,0.094,0.196,0.198,0.199,0.098,0.191,0.19,0.192,0.097,0.098,0.095,0.096,0.094,0.084,0.101,0.099,0.097,0.097,0.096,0.098,0.099,0.098,0.097,0.096,0.088,0.196,0.187,0.189,0.092,0.139,0.142,0.137,0.098,0.095,0.094,0.094,0.09,0.099,0.096,0.092,0.09,0.091,0.091,0.091,0.092,0.092,0.091,0.091,0.09
,14:29:20,28,0.153,0.154,0.165,0.088,0.246,0.257,0.253,0.089,0.173,0.189,0.191,0.092,0.093,0.093,0.092,0.091,0.095,0.093,0.092,0.091,0.093,0.095,0.094,0.092,0.225,0.203,0.201,0.096,0.223,0.253,0.212,0.098,0.238,0.231,0.244,0.093,0.101,0.101,0.099,0.097,0.097,0.098,0.096,0.096,0.099,0.099,0.096,0.094,0.218,0.221,0.223,0.098,0.214,0.212,0.213,0.097,0.098,0.095,0.096,0.094,0.085,0.101,0.099,0.097,0.097,0.096,0.098,0.099,0.098,0.097,0.096,0.088,0.221,0.211,0.212,0.092,0.152,0.155,0.148,0.099,0.095,0.094,0.094,0.09,0.099,0.096,0.092,0.09,0.091,0.091,0.092,0.092,0.092,0.091,0.091,0.091
,14:59:20,28,0.169,0.17,0.183,0.088,0.274,0.276,0.268,0.089,0.209,0.222,0.224,0.091,0.093,0.093,0.092,0.091,0.094,0.093,0.092,0.091,0.093,0.095,0.094,0.092,0.245,0.227,0.224,0.096,0.25,0.274,0.235,0.098,0.266,0.256,0.272,0.093,0.101,0.101,0.099,0.097,0.097,0.097,0.096,0.096,0.099,0.099,0.096,0.094,0.246,0.246,0.251,0.098,0.238,0.237,0.238,0.097,0.098,0.095,0.096,0.094,0.085,0.101,0.099,0.097,0.097,0.096,0.098,0.099,0.098,0.097,0.096,0.088,0.249,0.237,0.238,0.092,0.167,0.174,0.163,0.099,0.096,0.094,0.094,0.09,0.099,0.096,0.091,0.09,0.091,0.091,0.092,0.093,0.092,0.092,0.091,0.091
,15:29:20,28,0.19,0.188,0.202,0.088,0.296,0.3,0.292,0.089,0.224,0.235,0.244,0.092,0.094,0.094,0.092,0.091,0.094,0.093,0.092,0.091,0.093,0.095,0.094,0.092,0.268,0.251,0.248,0.096,0.275,0.295,0.257,0.098,0.291,0.281,0.299,0.093,0.102,0.101,0.099,0.097,0.097,0.098,0.096,0.096,0.099,0.099,0.096,0.094,0.272,0.268,0.273,0.098,0.261,0.262,0.262,0.097,0.098,0.095,0.096,0.094,0.085,0.101,0.1,0.097,0.097,0.096,0.098,0.099,0.098,0.097,0.096,0.088,0.279,0.266,0.265,0.092,0.185,0.195,0.18,0.099,0.096,0.095,0.094,0.09,0.099,0.096,0.092,0.09,0.092,0.091,0.092,0.093,0.093,0.092,0.092,0.091
,15:59:20,28,0.214,0.211,0.222,0.088,0.317,0.326,0.311,0.089,0.241,0.253,0.256,0.092,0.094,0.094,0.093,0.091,0.094,0.093,0.093,0.091,0.093,0.095,0.094,0.092,0.29,0.275,0.273,0.096,0.296,0.31,0.278,0.098,0.315,0.304,0.326,0.093,0.102,0.101,0.099,0.097,0.097,0.098,0.096,0.096,0.099,0.099,0.096,0.094,0.293,0.287,0.292,0.098,0.28,0.283,0.282,0.097,0.098,0.095,0.096,0.094,0.085,0.101,0.099,0.097,0.097,0.096,0.098,0.099,0.098,0.097,0.096,0.088,0.313,0.287,0.287,0.092,0.209,0.225,0.202,0.099,0.096,0.094,0.094,0.09,0.098,0.096,0.092,0.09,0.091,0.091,0.092,0.093,0.092,0.091,0.092,0.09
,16:29:20,28,0.239,0.234,0.242,0.088,0.342,0.345,0.331,0.089,0.252,0.264,0.271,0.091,0.094,0.094,0.093,0.091,0.094,0.093,0.092,0.091,0.093,0.095,0.094,0.092,0.309,0.294,0.291,0.096,0.312,0.319,0.292,0.097,0.338,0.326,0.351,0.093,0.102,0.101,0.099,0.097,0.097,0.097,0.096,0.096,0.099,0.099,0.096,0.094,0.317,0.302,0.309,0.098,0.297,0.299,0.295,0.097,0.098,0.095,0.095,0.093,0.084,0.101,0.099,0.097,0.097,0.096,0.097,0.099,0.098,0.097,0.096,0.088,0.348,0.297,0.303,0.092,0.228,0.24,0.222,0.099,0.095,0.094,0.094,0.09,0.098,0.095,0.092,0.09,0.091,0.091,0.092,0.092,0.093,0.091,0.091,0.09
,16:59:20,28,0.257,0.253,0.266,0.087,0.364,0.371,0.354,0.088,0.27,0.281,0.283,0.091,0.093,0.093,0.092,0.09,0.094,0.092,0.092,0.091,0.092,0.095,0.093,0.092,0.321,0.308,0.303,0.095,0.326,0.328,0.302,0.097,0.361,0.348,0.377,0.092,0.101,0.1,0.098,0.096,0.096,0.097,0.095,0.096,0.098,0.098,0.096,0.093,0.327,0.316,0.322,0.097,0.313,0.31,0.308,0.096,0.098,0.095,0.095,0.093,0.084,0.1,0.098,0.097,0.096,0.095,0.097,0.099,0.098,0.097,0.096,0.088,0.378,0.304,0.319,0.091,0.244,0.254,0.242,0.098,0.095,0.094,0.094,0.089,0.098,0.095,0.091,0.09,0.091,0.091,0.092,0.092,0.092,0.091,0.091,0.09
,17:29:20,28,0.279,0.274,0.283,0.087,0.387,0.393,0.371,0.088,0.28,0.294,0.293,0.091,0.093,0.093,0.092,0.091,0.094,0.092,0.092,0.091,0.093,0.095,0.093,0.092,0.333,0.322,0.316,0.095,0.342,0.333,0.312,0.097,0.377,0.362,0.396,0.092,0.102,0.101,0.099,0.096,0.096,0.097,0.095,0.096,0.098,0.098,0.096,0.094,0.342,0.33,0.332,0.098,0.327,0.323,0.315,0.096,0.098,0.095,0.095,0.093,0.085,0.101,0.099,0.097,0.097,0.096,0.097,0.099,0.098,0.097,0.096,0.088,0.403,0.316,0.331,0.092,0.257,0.265,0.261,0.099,0.095,0.094,0.094,0.09,0.098,0.095,0.092,0.09,0.091,0.091,0.092,0.093,0.093,0.091,0.091,0.09
,17:59:20,28,0.293,0.289,0.298,0.088,0.406,0.411,0.391,0.089,0.293,0.307,0.307,0.091,0.093,0.093,0.092,0.09,0.094,0.092,0.092,0.091,0.093,0.095,0.093,0.092,0.347,0.338,0.328,0.095,0.358,0.34,0.325,0.097,0.395,0.377,0.416,0.092,0.1,0.099,0.098,0.095,0.096,0.096,0.095,0.095,0.098,0.098,0.095,0.093,0.355,0.343,0.345,0.097,0.341,0.335,0.324,0.096,0.097,0.095,0.095,0.093,0.084,0.099,0.098,0.096,0.096,0.095,0.097,0.098,0.097,0.096,0.095,0.088,0.424,0.326,0.34,0.091,0.268,0.275,0.273,0.098,0.094,0.093,0.093,0.089,0.097,0.094,0.091,0.089,0.091,0.091,0.091,0.092,0.091,0.091,0.091,0.09
,18:29:20,28,0.31,0.306,0.313,0.088,0.429,0.434,0.407,0.089,0.31,0.319,0.316,0.091,0.093,0.093,0.092,0.091,0.094,0.092,0.092,0.091,0.093,0.095,0.093,0.092,0.356,0.354,0.341,0.095,0.371,0.349,0.337,0.097,0.413,0.397,0.433,0.093,0.1,0.1,0.098,0.096,0.096,0.097,0.095,0.096,0.098,0.098,0.096,0.093,0.371,0.357,0.36,0.097,0.358,0.348,0.338,0.096,0.098,0.095,0.095,0.093,0.084,0.1,0.098,0.097,0.097,0.096,0.097,0.099,0.098,0.097,0.096,0.088,0.444,0.341,0.357,0.092,0.276,0.289,0.282,0.098,0.095,0.094,0.093,0.089,0.097,0.096,0.092,0.09,0.091,0.091,0.092,0.092,0.092,0.091,0.091,0.09
,18:59:20,28,0.322,0.318,0.324,0.088,0.446,0.45,0.423,0.088,0.321,0.333,0.333,0.091,0.093,0.093,0.092,0.09,0.094,0.092,0.092,0.091,0.092,0.094,0.093,0.092,0.368,0.366,0.353,0.095,0.384,0.357,0.349,0.097,0.426,0.408,0.447,0.092,0.1,0.1,0.098,0.096,0.096,0.097,0.095,0.095,0.098,0.098,0.095,0.093,0.384,0.372,0.373,0.097,0.373,0.36,0.347,0.096,0.097,0.094,0.094,0.093,0.084,0.1,0.098,0.096,0.096,0.095,0.097,0.098,0.097,0.096,0.095,0.087,0.461,0.353,0.369,0.091,0.289,0.3,0.295,0.098,0.094,0.093,0.093,0.089,0.097,0.095,0.091,0.09,0.091,0.091,0.092,0.092,0.092,0.091,0.091,0.09
,19:29:20,28,0.335,0.331,0.329,0.087,0.462,0.462,0.439,0.088,0.338,0.352,0.345,0.091,0.092,0.092,0.091,0.09,0.093,0.091,0.091,0.091,0.092,0.094,0.093,0.091,0.377,0.377,0.365,0.094,0.394,0.366,0.357,0.096,0.437,0.417,0.459,0.091,0.098,0.098,0.097,0.094,0.095,0.096,0.094,0.094,0.097,0.097,0.095,0.092,0.396,0.382,0.383,0.096,0.386,0.371,0.356,0.095,0.096,0.094,0.093,0.092,0.084,0.098,0.097,0.095,0.095,0.094,0.095,0.097,0.096,0.096,0.094,0.087,0.478,0.364,0.38,0.09,0.297,0.312,0.307,0.097,0.093,0.093,0.092,0.088,0.096,0.094,0.09,0.089,0.09,0.09,0.09,0.091,0.091,0.09,0.09,0.09
,19:59:20,28,0.344,0.342,0.34,0.087,0.478,0.476,0.454,0.088,0.353,0.366,0.359,0.091,0.093,0.092,0.091,0.09,0.093,0.092,0.092,0.091,0.092,0.094,0.093,0.091,0.388,0.389,0.375,0.094,0.405,0.376,0.369,0.097,0.451,0.428,0.472,0.092,0.1,0.1,0.098,0.095,0.095,0.096,0.095,0.095,0.098,0.098,0.095,0.093,0.409,0.395,0.397,0.097,0.399,0.382,0.367,0.096,0.097,0.095,0.095,0.093,0.084,0.1,0.098,0.096,0.096,0.095,0.096,0.098,0.097,0.097,0.096,0.088,0.5,0.376,0.395,0.091,0.313,0.325,0.32,0.098,0.094,0.093,0.093,0.089,0.097,0.095,0.091,0.09,0.091,0.091,0.091,0.092,0.092,0.091,0.091,0.09
,20:29:20,28,0.353,0.351,0.352,0.087,0.494,0.493,0.469,0.088,0.369,0.379,0.37,0.091,0.093,0.092,0.092,0.09,0.093,0.092,0.092,0.091,0.092,0.094,0.093,0.092,0.4,0.398,0.386,0.094,0.419,0.385,0.382,0.097,0.468,0.441,0.487,0.092,0.1,0.099,0.098,0.095,0.095,0.097,0.095,0.095,0.098,0.098,0.095,0.093,0.423,0.407,0.407,0.097,0.41,0.394,0.38,0.095,0.097,0.094,0.094,0.093,0.084,0.1,0.098,0.096,0.096,0.095,0.097,0.098,0.097,0.097,0.095,0.088,0.521,0.389,0.407,0.091,0.327,0.339,0.333,0.098,0.094,0.093,0.093,0.089,0.098,0.095,0.091,0.089,0.091,0.091,0.092,0.092,0.092,0.091,0.091,0.09
,20:59:20,28,0.36,0.358,0.358,0.087,0.506,0.505,0.482,0.088,0.378,0.393,0.383,0.091,0.092,0.092,0.091,0.09,0.093,0.091,0.091,0.091,0.092,0.094,0.093,0.091,0.409,0.407,0.395,0.094,0.428,0.394,0.392,0.097,0.479,0.451,0.497,0.092,0.099,0.099,0.097,0.095,0.095,0.096,0.094,0.094,0.097,0.097,0.095,0.093,0.433,0.416,0.416,0.096,0.419,0.404,0.388,0.095,0.097,0.094,0.094,0.092,0.084,0.099,0.097,0.095,0.096,0.094,0.096,0.098,0.097,0.096,0.095,0.087,0.537,0.399,0.416,0.091,0.339,0.35,0.343,0.097,0.094,0.093,0.093,0.089,0.097,0.094,0.091,0.089,0.091,0.091,0.091,0.092,0.092,0.091,0.091,0.09
,21:29:20,28,0.367,0.367,0.366,0.087,0.522,0.518,0.495,0.088,0.391,0.405,0.394,0.091,0.092,0.092,0.091,0.09,0.093,0.091,0.091,0.091,0.092,0.093,0.092,0.091,0.418,0.416,0.404,0.093,0.439,0.402,0.402,0.096,0.487,0.46,0.507,0.091,0.098,0.098,0.096,0.094,0.094,0.095,0.094,0.094,0.097,0.097,0.094,0.092,0.443,0.425,0.425,0.096,0.428,0.412,0.397,0.095,0.096,0.093,0.093,0.092,0.084,0.098,0.097,0.094,0.095,0.094,0.096,0.098,0.096,0.096,0.094,0.087,0.552,0.408,0.427,0.09,0.349,0.361,0.35,0.097,0.093,0.093,0.092,0.088,0.097,0.094,0.09,0.089,0.09,0.09,0.091,0.091,0.091,0.091,0.09,0.09
,21:59:20,28,0.374,0.374,0.373,0.087,0.531,0.528,0.506,0.088,0.4,0.416,0.405,0.091,0.092,0.091,0.091,0.09,0.093,0.091,0.091,0.09,0.092,0.093,0.092,0.091,0.425,0.423,0.412,0.093,0.447,0.41,0.411,0.096,0.496,0.469,0.514,0.091,0.098,0.098,0.096,0.094,0.094,0.095,0.093,0.094,0.096,0.096,0.094,0.092,0.452,0.433,0.431,0.095,0.436,0.42,0.404,0.094,0.096,0.093,0.093,0.092,0.083,0.098,0.096,0.094,0.095,0.093,0.095,0.097,0.096,0.096,0.094,0.087,0.573,0.418,0.433,0.09,0.36,0.371,0.36,0.096,0.093,0.092,0.092,0.088,0.097,0.093,0.09,0.089,0.09,0.089,0.09,0.091,0.091,0.09,0.09,0.09
,22:29:20,28,0.379,0.386,0.379,0.087,0.542,0.533,0.514,0.088,0.407,0.425,0.403,0.091,0.091,0.091,0.091,0.089,0.092,0.091,0.091,0.09,0.091,0.093,0.092,0.09,0.431,0.432,0.421,0.093,0.455,0.416,0.417,0.096,0.499,0.474,0.518,0.091,0.097,0.098,0.096,0.093,0.093,0.094,0.093,0.093,0.096,0.096,0.093,0.091,0.46,0.441,0.44,0.095,0.442,0.426,0.409,0.094,0.095,0.093,0.092,0.091,0.083,0.098,0.096,0.093,0.095,0.093,0.095,0.096,0.095,0.095,0.093,0.087,0.586,0.426,0.443,0.09,0.37,0.376,0.367,0.096,0.092,0.092,0.091,0.088,0.097,0.093,0.09,0.088,0.089,0.089,0.089,0.09,0.09,0.09,0.09,0.089
,22:59:20,28,0.382,0.387,0.382,0.088,0.548,0.537,0.524,0.088,0.416,0.419,0.409,0.091,0.091,0.092,0.091,0.089,0.092,0.091,0.091,0.09,0.091,0.093,0.092,0.09,0.44,0.44,0.427,0.093,0.462,0.423,0.423,0.096,0.505,0.48,0.522,0.09,0.097,0.098,0.096,0.093,0.093,0.094,0.092,0.093,0.096,0.095,0.093,0.091,0.467,0.449,0.447,0.095,0.448,0.433,0.416,0.093,0.095,0.093,0.092,0.09,0.083,0.098,0.096,0.093,0.095,0.092,0.094,0.096,0.095,0.095,0.093,0.087,0.605,0.435,0.45,0.09,0.381,0.387,0.378,0.096,0.092,0.092,0.091,0.088,0.098,0.093,0.09,0.088,0.089,0.088,0.089,0.09,0.09,0.089,0.089,0.089
,23:29:20,28.1,0.391,0.394,0.39,0.088,0.561,0.548,0.533,0.088,0.425,0.429,0.413,0.091,0.091,0.092,0.092,0.09,0.092,0.091,0.09,0.09,0.091,0.093,0.092,0.09,0.444,0.447,0.436,0.094,0.47,0.432,0.433,0.096,0.515,0.488,0.532,0.09,0.098,0.099,0.097,0.094,0.093,0.094,0.093,0.092,0.095,0.095,0.093,0.091,0.477,0.455,0.453,0.095,0.456,0.441,0.424,0.093,0.095,0.092,0.092,0.09,0.083,0.1,0.097,0.093,0.094,0.092,0.094,0.096,0.094,0.094,0.093,0.087,0.627,0.445,0.458,0.09,0.392,0.397,0.385,0.095,0.091,0.091,0.091,0.087,0.1,0.093,0.09,0.088,0.089,0.088,0.088,0.089,0.09,0.089,0.089,0.089
,23:59:20,28.2,0.39,0.394,0.391,0.086,0.563,0.547,0.536,0.086,0.425,0.428,0.413,0.089,0.088,0.087,0.087,0.086,0.089,0.087,0.087,0.087,0.088,0.089,0.088,0.087,0.443,0.441,0.428,0.088,0.467,0.429,0.43,0.09,0.509,0.484,0.527,0.087,0.088,0.089,0.088,0.087,0.088,0.089,0.088,0.087,0.089,0.089,0.088,0.087,0.469,0.447,0.446,0.087,0.45,0.438,0.418,0.087,0.088,0.088,0.087,0.087,0.082,0.088,0.087,0.086,0.089,0.087,0.088,0.09,0.089,0.09,0.088,0.086,0.648,0.439,0.452,0.085,0.394,0.396,0.384,0.09,0.087,0.088,0.087,0.086,0.09,0.087,0.086,0.085,0.086,0.086,0.086,0.087,0.087,0.087,0.088,0.087
,24:29:20,28.3,0.397,0.403,0.396,0.086,0.571,0.555,0.543,0.086,0.432,0.431,0.418,0.089,0.088,0.087,0.086,0.085,0.088,0.086,0.086,0.087,0.088,0.088,0.087,0.087,0.447,0.447,0.436,0.088,0.473,0.434,0.436,0.089,0.517,0.489,0.534,0.086,0.09,0.09,0.088,0.086,0.087,0.088,0.087,0.086,0.088,0.088,0.088,0.087,0.477,0.452,0.449,0.087,0.456,0.444,0.424,0.086,0.087,0.087,0.086,0.086,0.083,0.09,0.088,0.086,0.089,0.086,0.088,0.089,0.088,0.089,0.087,0.085,0.665,0.449,0.46,0.085,0.403,0.405,0.392,0.09,0.086,0.088,0.087,0.085,0.095,0.089,0.087,0.085,0.086,0.085,0.086,0.087,0.087,0.087,0.087,0.087
,24:59:20,28.4,0.394,0.406,0.399,0.086,0.576,0.559,0.549,0.086,0.435,0.436,0.421,0.089,0.088,0.088,0.087,0.086,0.089,0.087,0.087,0.087,0.088,0.088,0.088,0.087,0.453,0.454,0.447,0.089,0.479,0.44,0.443,0.09,0.523,0.496,0.539,0.087,0.091,0.091,0.089,0.087,0.088,0.089,0.088,0.087,0.089,0.089,0.088,0.087,0.484,0.459,0.458,0.088,0.463,0.45,0.433,0.087,0.088,0.088,0.087,0.086,0.082,0.092,0.09,0.087,0.09,0.087,0.089,0.09,0.089,0.089,0.088,0.086,0.684,0.457,0.466,0.086,0.413,0.411,0.4,0.09,0.087,0.088,0.087,0.085,0.095,0.089,0.087,0.085,0.086,0.086,0.086,0.087,0.087,0.087,0.087,0.087
,25:29:20,28.4,0.397,0.403,0.403,0.087,0.579,0.56,0.553,0.087,0.438,0.439,0.423,0.089,0.088,0.089,0.088,0.087,0.089,0.088,0.088,0.087,0.089,0.089,0.089,0.088,0.461,0.461,0.449,0.09,0.484,0.445,0.447,0.091,0.525,0.501,0.541,0.087,0.092,0.093,0.091,0.089,0.089,0.09,0.089,0.088,0.09,0.09,0.089,0.088,0.492,0.469,0.466,0.09,0.468,0.455,0.436,0.088,0.089,0.088,0.088,0.087,0.083,0.094,0.091,0.088,0.09,0.088,0.09,0.091,0.09,0.09,0.089,0.086,0.696,0.465,0.473,0.087,0.421,0.419,0.407,0.091,0.088,0.089,0.087,0.086,0.096,0.09,0.087,0.086,0.086,0.086,0.086,0.087,0.087,0.088,0.088,0.088
,25:59:20,28.3,0.401,0.408,0.408,0.087,0.583,0.565,0.557,0.086,0.44,0.442,0.427,0.089,0.088,0.089,0.089,0.087,0.089,0.088,0.088,0.088,0.089,0.089,0.089,0.088,0.466,0.469,0.457,0.09,0.489,0.451,0.451,0.091,0.53,0.506,0.545,0.087,0.093,0.095,0.092,0.089,0.09,0.09,0.089,0.088,0.09,0.09,0.089,0.088,0.499,0.474,0.471,0.09,0.472,0.461,0.441,0.088,0.089,0.088,0.088,0.087,0.083,0.096,0.092,0.089,0.09,0.088,0.09,0.091,0.09,0.09,0.089,0.086,0.709,0.473,0.478,0.087,0.431,0.426,0.412,0.091,0.088,0.089,0.088,0.086,0.097,0.09,0.088,0.086,0.087,0.086,0.086,0.087,0.087,0.087,0.088,0.088
,26:29:20,28.2,0.4,0.412,0.415,0.089,0.59,0.569,0.563,0.088,0.445,0.448,0.432,0.091,0.091,0.096,0.095,0.091,0.093,0.091,0.091,0.09,0.091,0.093,0.092,0.09,0.479,0.482,0.469,0.096,0.499,0.462,0.462,0.096,0.542,0.516,0.553,0.09,0.105,0.105,0.102,0.097,0.095,0.095,0.093,0.093,0.096,0.095,0.093,0.091,0.514,0.49,0.486,0.099,0.484,0.471,0.452,0.093,0.095,0.092,0.092,0.09,0.084,0.107,0.103,0.097,0.095,0.093,0.095,0.097,0.095,0.094,0.093,0.087,0.726,0.487,0.491,0.091,0.442,0.438,0.425,0.096,0.092,0.091,0.091,0.088,0.107,0.099,0.092,0.089,0.089,0.088,0.088,0.089,0.09,0.089,0.089,0.089
,26:59:20,28.2,0.406,0.414,0.419,0.089,0.596,0.573,0.567,0.089,0.45,0.451,0.438,0.091,0.092,0.096,0.095,0.091,0.094,0.092,0.091,0.09,0.091,0.093,0.092,0.09,0.481,0.487,0.473,0.096,0.503,0.468,0.467,0.097,0.549,0.519,0.56,0.09,0.104,0.105,0.102,0.098,0.095,0.096,0.093,0.094,0.096,0.096,0.093,0.091,0.519,0.491,0.488,0.1,0.487,0.475,0.458,0.094,0.096,0.092,0.092,0.091,0.084,0.107,0.103,0.098,0.096,0.094,0.096,0.097,0.096,0.095,0.094,0.087,0.738,0.492,0.493,0.092,0.45,0.446,0.432,0.096,0.092,0.092,0.092,0.087,0.107,0.1,0.093,0.09,0.089,0.089,0.089,0.09,0.09,0.09,0.09,0.089
,27:29:20,28.2,0.405,0.416,0.418,0.087,0.597,0.574,0.569,0.087,0.449,0.453,0.439,0.09,0.09,0.091,0.09,0.088,0.09,0.089,0.088,0.088,0.089,0.09,0.09,0.088,0.48,0.482,0.473,0.091,0.503,0.466,0.467,0.092,0.547,0.516,0.559,0.088,0.098,0.099,0.096,0.092,0.091,0.091,0.09,0.089,0.091,0.091,0.09,0.088,0.518,0.488,0.485,0.093,0.485,0.473,0.456,0.09,0.091,0.089,0.089,0.088,0.083,0.101,0.097,0.092,0.092,0.09,0.091,0.093,0.091,0.092,0.09,0.086,0.747,0.493,0.491,0.089,0.453,0.447,0.432,0.093,0.089,0.089,0.089,0.086,0.103,0.096,0.09,0.087,0.088,0.087,0.087,0.088,0.088,0.088,0.088,0.088
,27:59:20,28.2,0.401,0.418,0.418,0.087,0.597,0.576,0.571,0.086,0.451,0.454,0.44,0.089,0.088,0.089,0.089,0.087,0.09,0.088,0.088,0.088,0.089,0.089,0.089,0.088,0.481,0.482,0.471,0.09,0.505,0.468,0.469,0.091,0.547,0.518,0.56,0.087,0.095,0.096,0.093,0.09,0.09,0.09,0.089,0.088,0.09,0.09,0.089,0.088,0.519,0.49,0.485,0.091,0.485,0.475,0.457,0.089,0.089,0.089,0.088,0.087,0.083,0.098,0.093,0.089,0.091,0.089,0.09,0.092,0.09,0.09,0.089,0.086,0.75,0.495,0.492,0.087,0.457,0.449,0.435,0.091,0.088,0.089,0.088,0.086,0.1,0.092,0.088,0.086,0.087,0.086,0.086,0.087,0.088,0.088,0.088,0.088
,28:29:20,28.1,0.403,0.418,0.421,0.088,0.598,0.577,0.572,0.087,0.453,0.455,0.441,0.09,0.09,0.093,0.092,0.089,0.091,0.089,0.089,0.089,0.09,0.091,0.09,0.089,0.49,0.489,0.477,0.093,0.51,0.474,0.475,0.094,0.55,0.523,0.562,0.088,0.102,0.103,0.099,0.094,0.092,0.092,0.091,0.09,0.093,0.093,0.091,0.089,0.529,0.5,0.496,0.096,0.491,0.479,0.46,0.091,0.092,0.09,0.09,0.089,0.083,0.105,0.1,0.094,0.094,0.091,0.093,0.094,0.093,0.092,0.091,0.086,0.759,0.505,0.501,0.09,0.465,0.457,0.442,0.094,0.09,0.09,0.089,0.086,0.105,0.097,0.09,0.088,0.088,0.087,0.087,0.089,0.089,0.088,0.089,0.088
,28:59:20,28.1,0.403,0.417,0.423,0.087,0.596,0.575,0.572,0.087,0.455,0.458,0.443,0.09,0.09,0.092,0.09,0.088,0.09,0.089,0.088,0.088,0.089,0.09,0.089,0.088,0.491,0.487,0.476,0.092,0.509,0.473,0.475,0.092,0.549,0.522,0.561,0.088,0.099,0.1,0.096,0.092,0.091,0.091,0.09,0.089,0.091,0.091,0.09,0.088,0.527,0.498,0.494,0.094,0.491,0.479,0.461,0.09,0.091,0.089,0.089,0.088,0.084,0.102,0.097,0.092,0.093,0.09,0.092,0.093,0.091,0.091,0.09,0.086,0.765,0.506,0.499,0.089,0.467,0.46,0.445,0.093,0.089,0.089,0.089,0.086,0.103,0.096,0.09,0.087,0.088,0.087,0.087,0.088,0.088,0.088,0.088,0.088
,29:29:20,28.1,0.4,0.421,0.426,0.087,0.598,0.575,0.573,0.087,0.457,0.46,0.446,0.089,0.088,0.089,0.088,0.087,0.09,0.088,0.088,0.088,0.089,0.089,0.089,0.087,0.487,0.485,0.473,0.09,0.509,0.475,0.475,0.091,0.551,0.523,0.565,0.087,0.093,0.095,0.092,0.089,0.089,0.09,0.089,0.088,0.09,0.09,0.089,0.088,0.524,0.495,0.491,0.09,0.489,0.48,0.463,0.088,0.089,0.088,0.088,0.087,0.083,0.095,0.092,0.089,0.091,0.088,0.09,0.091,0.09,0.09,0.089,0.086,0.769,0.505,0.496,0.087,0.471,0.462,0.448,0.092,0.088,0.089,0.088,0.086,0.099,0.091,0.088,0.086,0.087,0.086,0.086,0.088,0.088,0.088,0.088,0.088
,29:59:20,28.1,0.4,0.42,0.428,0.087,0.599,0.577,0.577,0.087,0.46,0.462,0.449,0.089,0.089,0.09,0.089,0.088,0.09,0.088,0.088,0.088,0.089,0.09,0.089,0.088,0.491,0.491,0.483,0.09,0.513,0.48,0.479,0.092,0.554,0.526,0.567,0.087,0.095,0.097,0.093,0.09,0.09,0.09,0.089,0.089,0.09,0.09,0.09,0.088,0.531,0.5,0.497,0.091,0.494,0.484,0.467,0.089,0.09,0.089,0.088,0.088,0.083,0.098,0.094,0.09,0.092,0.089,0.091,0.092,0.09,0.091,0.089,0.086,0.773,0.513,0.5,0.087,0.477,0.467,0.453,0.093,0.088,0.089,0.088,0.086,0.1,0.091,0.088,0.086,0.087,0.087,0.086,0.088,0.088,0.088,0.088,0.088
,30:29:20,28.1,0.401,0.426,0.428,0.088,0.604,0.58,0.581,0.088,0.465,0.467,0.453,0.09,0.09,0.092,0.091,0.089,0.091,0.09,0.089,0.089,0.09,0.091,0.09,0.089,0.498,0.497,0.49,0.092,0.52,0.487,0.487,0.094,0.561,0.532,0.575,0.089,0.098,0.1,0.097,0.093,0.092,0.093,0.091,0.091,0.093,0.093,0.091,0.09,0.537,0.505,0.503,0.095,0.5,0.49,0.474,0.091,0.093,0.09,0.09,0.089,0.083,0.101,0.097,0.093,0.094,0.091,0.093,0.095,0.093,0.093,0.091,0.086,0.775,0.519,0.506,0.09,0.486,0.476,0.462,0.095,0.09,0.09,0.09,0.086,0.102,0.095,0.09,0.088,0.088,0.087,0.088,0.089,0.089,0.089,0.089,0.089
,30:59:20,28.1,0.403,0.427,0.431,0.088,0.606,0.582,0.582,0.087,0.467,0.468,0.454,0.09,0.089,0.091,0.09,0.088,0.091,0.089,0.089,0.088,0.089,0.09,0.09,0.089,0.499,0.499,0.491,0.092,0.521,0.489,0.489,0.093,0.563,0.533,0.576,0.088,0.097,0.098,0.095,0.092,0.091,0.091,0.09,0.09,0.092,0.092,0.091,0.089,0.54,0.507,0.504,0.094,0.5,0.49,0.476,0.091,0.091,0.09,0.089,0.089,0.083,0.1,0.096,0.092,0.093,0.09,0.092,0.094,0.092,0.092,0.09,0.086,0.776,0.523,0.507,0.089,0.491,0.479,0.465,0.094,0.089,0.09,0.089,0.086,0.102,0.095,0.09,0.087,0.088,0.087,0.087,0.088,0.089,0.088,0.088,0.089
,31:29:20,28.1,0.402,0.424,0.43,0.086,0.604,0.58,0.581,0.086,0.467,0.469,0.455,0.089,0.088,0.088,0.088,0.087,0.089,0.087,0.087,0.087,0.088,0.089,0.088,0.087,0.498,0.494,0.486,0.089,0.52,0.487,0.488,0.09,0.559,0.53,0.574,0.087,0.092,0.094,0.091,0.088,0.089,0.089,0.089,0.088,0.089,0.089,0.089,0.087,0.536,0.503,0.5,0.09,0.497,0.488,0.473,0.088,0.089,0.088,0.087,0.087,0.083,0.095,0.091,0.088,0.09,0.088,0.09,0.091,0.09,0.09,0.088,0.085,0.769,0.522,0.503,0.086,0.492,0.48,0.465,0.094,0.088,0.088,0.088,0.085,0.098,0.091,0.088,0.086,0.087,0.086,0.086,0.087,0.087,0.087,0.088,0.088
,31:59:20,28.1,0.406,0.428,0.433,0.087,0.607,0.581,0.582,0.086,0.47,0.471,0.456,0.089,0.088,0.088,0.088,0.086,0.089,0.087,0.087,0.087,0.088,0.089,0.088,0.087,0.499,0.496,0.489,0.089,0.522,0.49,0.49,0.09,0.561,0.532,0.578,0.087,0.092,0.093,0.09,0.088,0.088,0.089,0.088,0.087,0.089,0.089,0.088,0.087,0.541,0.505,0.502,0.089,0.498,0.489,0.476,0.087,0.088,0.088,0.087,0.087,0.083,0.094,0.09,0.088,0.09,0.087,0.089,0.091,0.089,0.089,0.088,0.085,0.769,0.526,0.503,0.086,0.498,0.484,0.47,0.097,0.087,0.088,0.087,0.085,0.097,0.09,0.087,0.086,0.087,0.086,0.086,0.087,0.087,0.087,0.088,0.088
,32:29:20,28.1,0.405,0.428,0.436,0.087,0.608,0.583,0.586,0.087,0.473,0.474,0.46,0.09,0.089,0.091,0.09,0.088,0.091,0.089,0.089,0.088,0.089,0.09,0.09,0.088,0.504,0.505,0.502,0.092,0.529,0.497,0.497,0.093,0.567,0.537,0.583,0.088,0.097,0.098,0.095,0.092,0.091,0.091,0.09,0.09,0.092,0.092,0.09,0.089,0.549,0.513,0.51,0.093,0.505,0.495,0.483,0.09,0.091,0.09,0.089,0.088,0.083,0.1,0.096,0.091,0.093,0.09,0.092,0.094,0.092,0.092,0.09,0.086,0.766,0.535,0.511,0.088,0.507,0.493,0.478,0.103,0.089,0.089,0.089,0.086,0.101,0.094,0.089,0.087,0.088,0.087,0.087,0.088,0.088,0.088,0.088,0.088
,32:59:20,28.1,0.409,0.43,0.437,0.087,0.607,0.582,0.585,0.087,0.474,0.476,0.461,0.089,0.089,0.09,0.089,0.087,0.09,0.088,0.088,0.088,0.089,0.089,0.089,0.088,0.505,0.505,0.5,0.09,0.527,0.496,0.497,0.091,0.565,0.536,0.582,0.087,0.096,0.097,0.094,0.09,0.09,0.09,0.089,0.088,0.09,0.09,0.089,0.088,0.549,0.513,0.51,0.092,0.503,0.494,0.482,0.089,0.089,0.088,0.088,0.087,0.083,0.099,0.094,0.09,0.092,0.089,0.091,0.092,0.09,0.09,0.089,0.086,0.762,0.537,0.51,0.088,0.511,0.496,0.48,0.106,0.088,0.089,0.088,0.086,0.101,0.094,0.089,0.087,0.087,0.087,0.087,0.088,0.088,0.088,0.088,0.088
,33:29:20,28.1,0.407,0.43,0.436,0.086,0.606,0.581,0.585,0.086,0.475,0.476,0.461,0.089,0.087,0.087,0.087,0.086,0.088,0.086,0.087,0.087,0.088,0.088,0.087,0.086,0.502,0.497,0.494,0.088,0.526,0.495,0.495,0.089,0.563,0.534,0.58,0.086,0.089,0.09,0.088,0.087,0.088,0.088,0.088,0.087,0.088,0.088,0.088,0.087,0.542,0.504,0.504,0.087,0.499,0.492,0.481,0.086,0.087,0.087,0.086,0.086,0.082,0.09,0.088,0.086,0.089,0.087,0.089,0.09,0.088,0.089,0.087,0.085,0.756,0.53,0.503,0.085,0.513,0.496,0.481,0.105,0.086,0.088,0.086,0.085,0.092,0.088,0.087,0.085,0.086,0.086,0.086,0.087,0.087,0.087,0.087,0.087
,33:59:20,28.1,0.41,0.432,0.442,0.088,0.608,0.583,0.587,0.088,0.481,0.482,0.466,0.091,0.091,0.093,0.092,0.09,0.092,0.09,0.09,0.089,0.09,0.092,0.091,0.09,0.512,0.511,0.508,0.094,0.534,0.505,0.504,0.095,0.572,0.543,0.587,0.09,0.1,0.101,0.098,0.095,0.093,0.093,0.092,0.092,0.094,0.094,0.092,0.09,0.556,0.519,0.518,0.096,0.51,0.501,0.491,0.093,0.094,0.091,0.091,0.09,0.084,0.103,0.099,0.095,0.095,0.092,0.095,0.096,0.094,0.093,0.092,0.086,0.753,0.546,0.517,0.09,0.524,0.509,0.494,0.108,0.091,0.091,0.091,0.086,0.103,0.097,0.091,0.088,0.089,0.088,0.088,0.089,0.09,0.089,0.089,0.089
,34:29:20,28.1,0.407,0.429,0.44,0.087,0.604,0.58,0.584,0.087,0.479,0.48,0.464,0.09,0.089,0.091,0.09,0.088,0.09,0.088,0.089,0.088,0.089,0.09,0.089,0.088,0.513,0.508,0.502,0.091,0.532,0.504,0.502,0.093,0.568,0.539,0.583,0.088,0.097,0.098,0.095,0.092,0.091,0.091,0.09,0.089,0.091,0.092,0.09,0.089,0.556,0.52,0.518,0.093,0.507,0.499,0.488,0.09,0.091,0.089,0.089,0.088,0.083,0.1,0.096,0.091,0.092,0.09,0.092,0.093,0.091,0.091,0.09,0.086,0.748,0.545,0.514,0.088,0.527,0.509,0.493,0.104,0.089,0.089,0.089,0.086,0.102,0.093,0.089,0.087,0.088,0.087,0.087,0.088,0.088,0.088,0.088,0.088
,34:59:20,28.1,0.407,0.429,0.44,0.087,0.602,0.578,0.585,0.087,0.48,0.481,0.465,0.089,0.089,0.09,0.089,0.087,0.09,0.088,0.088,0.088,0.089,0.089,0.088,0.087,0.513,0.509,0.502,0.09,0.53,0.503,0.502,0.091,0.567,0.537,0.582,0.087,0.095,0.097,0.093,0.09,0.09,0.09,0.089,0.088,0.09,0.09,0.089,0.088,0.556,0.518,0.517,0.091,0.506,0.499,0.488,0.088,0.089,0.088,0.088,0.087,0.083,0.098,0.093,0.089,0.091,0.088,0.091,0.092,0.09,0.09,0.089,0.085,0.743,0.546,0.513,0.087,0.531,0.511,0.496,0.101,0.088,0.089,0.088,0.085,0.101,0.092,0.089,0.086,0.087,0.086,0.086,0.088,0.088,0.088,0.088,0.088
,35:29:20,28.1,0.41,0.431,0.442,0.087,0.6,0.578,0.582,0.087,0.481,0.482,0.468,0.09,0.089,0.09,0.09,0.088,0.09,0.088,0.088,0.088,0.089,0.09,0.089,0.088,0.515,0.509,0.5,0.091,0.531,0.506,0.503,0.092,0.565,0.538,0.581,0.088,0.096,0.098,0.095,0.091,0.09,0.091,0.09,0.089,0.091,0.091,0.09,0.089,0.556,0.52,0.518,0.092,0.508,0.499,0.49,0.089,0.09,0.089,0.088,0.088,0.083,0.1,0.095,0.091,0.092,0.089,0.091,0.093,0.091,0.091,0.09,0.086,0.731,0.548,0.515,0.088,0.535,0.516,0.501,0.1,0.088,0.089,0.088,0.086,0.102,0.094,0.089,0.087,0.088,0.087,0.087,0.088,0.088,0.088,0.088,0.088
,35:59:20,28.1,0.409,0.435,0.445,0.087,0.598,0.577,0.584,0.087,0.485,0.487,0.472,0.09,0.089,0.091,0.091,0.088,0.091,0.089,0.089,0.088,0.09,0.091,0.09,0.089,0.517,0.514,0.512,0.092,0.535,0.511,0.509,0.094,0.569,0.541,0.584,0.089,0.097,0.099,0.096,0.092,0.091,0.092,0.091,0.09,0.093,0.092,0.091,0.089,0.559,0.522,0.522,0.094,0.51,0.503,0.496,0.091,0.092,0.09,0.09,0.089,0.083,0.101,0.097,0.092,0.093,0.091,0.093,0.094,0.092,0.092,0.091,0.086,0.73,0.551,0.516,0.089,0.543,0.522,0.507,0.102,0.09,0.09,0.089,0.086,0.102,0.095,0.09,0.088,0.088,0.087,0.087,0.088,0.089,0.089,0.089,0.089
,36:29:20,28,0.414,0.435,0.447,0.087,0.602,0.577,0.585,0.087,0.489,0.489,0.474,0.09,0.089,0.091,0.09,0.088,0.091,0.089,0.089,0.089,0.09,0.091,0.09,0.089,0.52,0.516,0.511,0.092,0.537,0.514,0.512,0.093,0.573,0.542,0.588,0.089,0.097,0.098,0.096,0.092,0.091,0.092,0.091,0.09,0.093,0.093,0.091,0.089,0.563,0.523,0.524,0.094,0.514,0.506,0.5,0.091,0.092,0.09,0.09,0.089,0.083,0.1,0.096,0.092,0.093,0.091,0.094,0.095,0.092,0.092,0.091,0.086,0.725,0.555,0.518,0.089,0.551,0.53,0.514,0.101,0.09,0.09,0.089,0.086,0.102,0.095,0.09,0.088,0.089,0.088,0.087,0.089,0.089,0.089,0.088,0.088
,36:59:20,28,0.414,0.437,0.446,0.087,0.599,0.575,0.585,0.087,0.489,0.49,0.475,0.09,0.09,0.091,0.09,0.088,0.091,0.089,0.089,0.089,0.09,0.091,0.09,0.089,0.521,0.515,0.514,0.092,0.537,0.515,0.513,0.094,0.573,0.542,0.588,0.089,0.097,0.098,0.095,0.092,0.092,0.093,0.091,0.091,0.093,0.093,0.091,0.089,0.563,0.523,0.524,0.094,0.514,0.506,0.502,0.091,0.093,0.09,0.09,0.089,0.083,0.1,0.096,0.093,0.093,0.091,0.094,0.095,0.093,0.092,0.091,0.086,0.715,0.556,0.518,0.089,0.556,0.534,0.519,0.1,0.09,0.09,0.089,0.086,0.101,0.094,0.09,0.088,0.089,0.088,0.088,0.089,0.089,0.089,0.088,0.088
,37:29:20,28,0.417,0.439,0.449,0.087,0.598,0.573,0.584,0.087,0.491,0.491,0.477,0.09,0.09,0.091,0.09,0.088,0.091,0.089,0.089,0.089,0.09,0.091,0.09,0.089,0.523,0.514,0.509,0.092,0.537,0.517,0.513,0.094,0.573,0.542,0.589,0.089,0.097,0.098,0.095,0.092,0.092,0.093,0.091,0.091,0.093,0.093,0.091,0.09,0.564,0.522,0.525,0.094,0.516,0.508,0.504,0.092,0.093,0.091,0.09,0.089,0.083,0.099,0.096,0.093,0.094,0.092,0.095,0.096,0.093,0.093,0.092,0.086,0.711,0.556,0.517,0.089,0.561,0.538,0.524,0.101,0.091,0.09,0.09,0.086,0.1,0.094,0.09,0.088,0.089,0.089,0.088,0.09,0.09,0.089,0.089,0.089
,37:59:20,28,0.419,0.439,0.449,0.087,0.598,0.57,0.584,0.087,0.493,0.493,0.479,0.09,0.09,0.09,0.09,0.088,0.091,0.089,0.089,0.089,0.09,0.091,0.09,0.089,0.525,0.515,0.504,0.091,0.539,0.518,0.514,0.094,0.573,0.542,0.591,0.089,0.097,0.097,0.094,0.092,0.092,0.092,0.091,0.091,0.093,0.093,0.091,0.09,0.565,0.523,0.525,0.094,0.516,0.51,0.506,0.091,0.093,0.09,0.09,0.089,0.083,0.098,0.095,0.093,0.094,0.091,0.094,0.095,0.093,0.093,0.091,0.086,0.698,0.557,0.518,0.089,0.567,0.544,0.529,0.1,0.09,0.09,0.089,0.086,0.098,0.093,0.09,0.088,0.089,0.088,0.088,0.089,0.089,0.089,0.089,0.089
,38:29:20,28,0.415,0.435,0.45,0.087,0.593,0.568,0.581,0.087,0.491,0.493,0.478,0.09,0.09,0.091,0.09,0.088,0.091,0.089,0.089,0.089,0.09,0.091,0.09,0.089,0.526,0.514,0.508,0.092,0.538,0.518,0.513,0.094,0.57,0.541,0.587,0.089,0.098,0.097,0.095,0.093,0.092,0.093,0.092,0.091,0.093,0.093,0.091,0.09,0.565,0.521,0.525,0.094,0.516,0.506,0.505,0.092,0.093,0.091,0.09,0.089,0.083,0.098,0.096,0.093,0.094,0.092,0.095,0.096,0.093,0.093,0.092,0.086,0.687,0.555,0.517,0.09,0.569,0.547,0.531,0.1,0.091,0.09,0.09,0.086,0.098,0.094,0.091,0.088,0.089,0.089,0.089,0.09,0.09,0.089,0.089,0.089
,38:59:20,28,0.416,0.438,0.451,0.087,0.591,0.566,0.58,0.087,0.493,0.494,0.48,0.091,0.09,0.09,0.09,0.088,0.091,0.09,0.09,0.089,0.091,0.092,0.091,0.09,0.528,0.513,0.504,0.092,0.538,0.519,0.514,0.094,0.571,0.542,0.587,0.09,0.097,0.097,0.095,0.092,0.093,0.094,0.092,0.092,0.094,0.094,0.092,0.091,0.564,0.521,0.525,0.094,0.516,0.507,0.506,0.093,0.094,0.091,0.091,0.09,0.083,0.098,0.096,0.093,0.095,0.092,0.096,0.096,0.094,0.094,0.093,0.086,0.682,0.555,0.517,0.09,0.574,0.551,0.536,0.1,0.091,0.09,0.09,0.086,0.097,0.093,0.09,0.089,0.089,0.09,0.089,0.09,0.09,0.09,0.089,0.089
,39:29:20,28,0.419,0.441,0.451,0.086,0.588,0.566,0.578,0.087,0.494,0.495,0.48,0.09,0.09,0.09,0.089,0.088,0.091,0.09,0.09,0.089,0.09,0.092,0.09,0.09,0.527,0.514,0.51,0.092,0.538,0.521,0.515,0.095,0.57,0.541,0.586,0.09,0.097,0.096,0.095,0.093,0.093,0.094,0.092,0.092,0.094,0.094,0.092,0.09,0.562,0.52,0.525,0.094,0.516,0.507,0.508,0.093,0.094,0.091,0.091,0.09,0.083,0.097,0.095,0.093,0.095,0.093,0.095,0.097,0.094,0.093,0.092,0.086,0.674,0.553,0.515,0.09,0.578,0.554,0.541,0.099,0.091,0.09,0.09,0.086,0.096,0.093,0.091,0.089,0.09,0.09,0.09,0.091,0.09,0.09,0.089,0.089
,39:59:20,28,0.417,0.441,0.451,0.087,0.587,0.562,0.578,0.087,0.497,0.498,0.484,0.091,0.091,0.09,0.09,0.089,0.092,0.09,0.09,0.09,0.091,0.092,0.091,0.09,0.529,0.515,0.51,0.092,0.539,0.523,0.517,0.095,0.57,0.541,0.587,0.09,0.097,0.097,0.095,0.093,0.093,0.094,0.093,0.093,0.095,0.095,0.092,0.091,0.564,0.522,0.527,0.095,0.518,0.508,0.51,0.093,0.094,0.092,0.091,0.09,0.083,0.097,0.096,0.094,0.095,0.093,0.096,0.097,0.095,0.094,0.093,0.086,0.666,0.554,0.517,0.09,0.583,0.559,0.546,0.099,0.092,0.091,0.09,0.086,0.096,0.094,0.091,0.089,0.09,0.09,0.09,0.091,0.091,0.09,0.089,0.089
,40:29:20,28,0.418,0.442,0.452,0.087,0.584,0.561,0.576,0.087,0.496,0.497,0.483,0.09,0.091,0.09,0.089,0.089,0.092,0.09,0.09,0.09,0.091,0.092,0.091,0.09,0.531,0.515,0.508,0.092,0.539,0.524,0.517,0.095,0.569,0.54,0.585,0.09,0.098,0.096,0.095,0.093,0.093,0.094,0.093,0.092,0.095,0.095,0.092,0.091,0.564,0.522,0.528,0.095,0.517,0.508,0.511,0.093,0.094,0.092,0.091,0.09,0.083,0.097,0.095,0.094,0.095,0.093,0.096,0.097,0.095,0.094,0.093,0.086,0.653,0.554,0.516,0.09,0.588,0.563,0.55,0.098,0.092,0.09,0.09,0.086,0.095,0.093,0.091,0.089,0.09,0.09,0.09,0.091,0.091,0.09,0.089,0.089
,40:59:20,28,0.419,0.446,0.455,0.087,0.582,0.56,0.575,0.087,0.497,0.498,0.485,0.091,0.092,0.091,0.09,0.089,0.092,0.09,0.09,0.09,0.091,0.092,0.091,0.09,0.533,0.516,0.51,0.092,0.539,0.525,0.517,0.095,0.567,0.539,0.584,0.09,0.098,0.097,0.095,0.093,0.093,0.095,0.093,0.093,0.095,0.095,0.093,0.091,0.564,0.522,0.529,0.095,0.518,0.509,0.512,0.094,0.095,0.093,0.092,0.09,0.084,0.097,0.096,0.094,0.095,0.094,0.096,0.097,0.095,0.094,0.093,0.086,0.648,0.554,0.516,0.09,0.592,0.567,0.554,0.098,0.092,0.091,0.09,0.086,0.096,0.094,0.091,0.089,0.09,0.09,0.091,0.091,0.091,0.09,0.09,0.089
,41:29:20,28,0.423,0.446,0.457,0.086,0.582,0.557,0.573,0.087,0.5,0.499,0.487,0.09,0.091,0.09,0.089,0.088,0.091,0.09,0.089,0.089,0.09,0.091,0.09,0.089,0.534,0.517,0.507,0.091,0.539,0.528,0.519,0.094,0.568,0.538,0.584,0.089,0.097,0.096,0.094,0.092,0.092,0.093,0.092,0.091,0.094,0.094,0.091,0.09,0.564,0.522,0.529,0.094,0.518,0.509,0.515,0.092,0.093,0.092,0.091,0.089,0.083,0.096,0.094,0.093,0.094,0.093,0.094,0.096,0.094,0.093,0.092,0.086,0.64,0.556,0.518,0.089,0.598,0.572,0.558,0.097,0.091,0.09,0.09,0.086,0.095,0.092,0.09,0.088,0.089,0.089,0.089,0.09,0.09,0.089,0.089,0.089
,41:59:20,28,0.422,0.447,0.457,0.087,0.58,0.556,0.572,0.087,0.499,0.499,0.487,0.091,0.091,0.091,0.09,0.089,0.092,0.09,0.09,0.09,0.091,0.092,0.091,0.09,0.536,0.517,0.513,0.092,0.54,0.528,0.52,0.095,0.566,0.538,0.582,0.09,0.098,0.097,0.095,0.093,0.093,0.095,0.093,0.093,0.095,0.095,0.092,0.091,0.566,0.523,0.531,0.095,0.519,0.51,0.514,0.093,0.094,0.092,0.091,0.09,0.084,0.097,0.096,0.094,0.095,0.093,0.095,0.097,0.095,0.094,0.093,0.086,0.636,0.556,0.517,0.09,0.602,0.575,0.563,0.097,0.092,0.091,0.09,0.086,0.096,0.094,0.091,0.089,0.09,0.09,0.091,0.091,0.091,0.09,0.089,0.089
,42:29:20,28,0.425,0.448,0.458,0.087,0.578,0.554,0.571,0.087,0.501,0.501,0.489,0.09,0.091,0.09,0.089,0.088,0.091,0.089,0.089,0.089,0.09,0.091,0.09,0.089,0.536,0.518,0.508,0.091,0.538,0.529,0.519,0.094,0.565,0.536,0.583,0.089,0.096,0.096,0.093,0.092,0.092,0.093,0.092,0.091,0.094,0.094,0.091,0.09,0.565,0.523,0.531,0.093,0.52,0.51,0.516,0.092,0.093,0.092,0.091,0.089,0.083,0.096,0.094,0.092,0.094,0.092,0.094,0.096,0.094,0.093,0.092,0.086,0.631,0.556,0.516,0.089,0.608,0.58,0.566,0.096,0.091,0.09,0.09,0.086,0.095,0.092,0.09,0.088,0.089,0.089,0.089,0.09,0.09,0.09,0.089,0.089
,42:59:20,28,0.425,0.448,0.459,0.086,0.577,0.552,0.571,0.087,0.503,0.503,0.492,0.09,0.091,0.09,0.089,0.088,0.091,0.09,0.09,0.089,0.09,0.091,0.09,0.089,0.539,0.518,0.542,0.092,0.54,0.531,0.521,0.094,0.567,0.538,0.585,0.09,0.097,0.097,0.094,0.093,0.093,0.094,0.092,0.092,0.095,0.094,0.092,0.091,0.568,0.524,0.534,0.094,0.522,0.512,0.519,0.093,0.094,0.092,0.091,0.09,0.083,0.097,0.095,0.093,0.094,0.093,0.096,0.097,0.094,0.094,0.093,0.086,0.622,0.558,0.519,0.09,0.615,0.586,0.572,0.096,0.092,0.091,0.09,0.086,0.096,0.094,0.091,0.089,0.09,0.09,0.09,0.091,0.091,0.09,0.089,0.089
,43:29:20,28,0.425,0.448,0.461,0.086,0.576,0.551,0.568,0.087,0.501,0.503,0.491,0.09,0.09,0.09,0.089,0.088,0.091,0.089,0.089,0.089,0.09,0.091,0.09,0.089,0.538,0.517,0.539,0.091,0.538,0.531,0.52,0.094,0.563,0.535,0.583,0.089,0.095,0.095,0.093,0.092,0.092,0.093,0.092,0.091,0.094,0.093,0.091,0.09,0.565,0.523,0.532,0.093,0.521,0.511,0.519,0.092,0.093,0.092,0.09,0.089,0.083,0.095,0.094,0.092,0.093,0.092,0.095,0.096,0.093,0.093,0.092,0.086,0.611,0.555,0.517,0.089,0.618,0.588,0.575,0.095,0.091,0.09,0.089,0.086,0.094,0.092,0.09,0.088,0.089,0.089,0.089,0.09,0.09,0.089,0.089,0.089
,43:59:20,28,0.425,0.449,0.461,0.086,0.571,0.55,0.566,0.087,0.501,0.503,0.491,0.09,0.09,0.09,0.089,0.088,0.091,0.089,0.089,0.089,0.09,0.091,0.09,0.089,0.539,0.517,0.553,0.091,0.537,0.531,0.521,0.094,0.562,0.535,0.581,0.089,0.096,0.096,0.093,0.092,0.092,0.094,0.092,0.091,0.094,0.094,0.092,0.09,0.565,0.524,0.533,0.094,0.522,0.511,0.518,0.092,0.093,0.092,0.091,0.089,0.083,0.096,0.095,0.093,0.094,0.093,0.095,0.096,0.094,0.093,0.092,0.086,0.601,0.555,0.516,0.089,0.621,0.591,0.578,0.095,0.091,0.09,0.09,0.086,0.095,0.093,0.09,0.088,0.09,0.09,0.09,0.09,0.09,0.09,0.089,0.089
,44:29:20,28,0.426,0.45,0.461,0.087,0.568,0.548,0.565,0.087,0.502,0.504,0.492,0.09,0.091,0.09,0.089,0.088,0.091,0.09,0.09,0.089,0.09,0.092,0.091,0.089,0.54,0.517,0.561,0.091,0.537,0.532,0.521,0.094,0.56,0.533,0.579,0.089,0.097,0.096,0.094,0.092,0.092,0.094,0.092,0.092,0.094,0.094,0.092,0.09,0.563,0.523,0.534,0.093,0.522,0.511,0.518,0.092,0.093,0.092,0.09,0.089,0.083,0.096,0.094,0.093,0.094,0.093,0.095,0.096,0.094,0.093,0.092,0.086,0.606,0.553,0.516,0.089,0.624,0.594,0.58,0.095,0.091,0.09,0.09,0.086,0.095,0.093,0.09,0.088,0.09,0.089,0.089,0.09,0.09,0.09,0.089,0.089
,44:59:20,28,0.426,0.45,0.463,0.087,0.566,0.546,0.563,0.087,0.503,0.504,0.493,0.09,0.09,0.09,0.089,0.088,0.091,0.089,0.089,0.089,0.09,0.091,0.09,0.089,0.541,0.517,0.553,0.091,0.537,0.533,0.521,0.094,0.558,0.532,0.577,0.089,0.096,0.095,0.093,0.092,0.092,0.093,0.092,0.092,0.094,0.094,0.092,0.09,0.561,0.523,0.534,0.093,0.521,0.51,0.518,0.092,0.093,0.092,0.091,0.089,0.083,0.096,0.094,0.092,0.094,0.093,0.095,0.096,0.094,0.093,0.092,0.086,0.61,0.552,0.516,0.089,0.628,0.597,0.585,0.095,0.091,0.09,0.09,0.086,0.095,0.092,0.09,0.088,0.09,0.089,0.089,0.09,0.09,0.09,0.089,0.089
,45:29:20,28,0.426,0.451,0.464,0.087,0.564,0.544,0.562,0.087,0.502,0.504,0.493,0.09,0.09,0.09,0.089,0.088,0.091,0.089,0.089,0.089,0.09,0.091,0.09,0.089,0.541,0.517,0.556,0.091,0.535,0.533,0.521,0.094,0.556,0.531,0.574,0.089,0.095,0.095,0.093,0.091,0.091,0.093,0.091,0.091,0.094,0.093,0.091,0.09,0.56,0.522,0.535,0.093,0.522,0.51,0.518,0.092,0.093,0.092,0.09,0.089,0.083,0.095,0.093,0.092,0.093,0.092,0.094,0.095,0.093,0.092,0.091,0.085,0.598,0.551,0.515,0.089,0.63,0.6,0.585,0.094,0.09,0.09,0.089,0.086,0.094,0.092,0.09,0.088,0.09,0.089,0.089,0.09,0.09,0.089,0.089,0.089
,45:59:20,28,0.427,0.453,0.463,0.086,0.561,0.541,0.558,0.087,0.503,0.504,0.494,0.09,0.09,0.089,0.089,0.087,0.09,0.088,0.088,0.089,0.09,0.091,0.089,0.088,0.541,0.517,0.558,0.09,0.535,0.534,0.521,0.093,0.554,0.528,0.573,0.088,0.094,0.094,0.092,0.091,0.091,0.092,0.091,0.09,0.092,0.092,0.091,0.089,0.56,0.522,0.536,0.092,0.522,0.509,0.519,0.091,0.092,0.091,0.089,0.088,0.082,0.095,0.093,0.091,0.092,0.091,0.093,0.095,0.092,0.092,0.091,0.085,0.593,0.551,0.516,0.088,0.635,0.604,0.587,0.093,0.09,0.089,0.089,0.085,0.095,0.091,0.089,0.087,0.09,0.088,0.088,0.089,0.089,0.089,0.089,0.088
,46:29:20,28,0.427,0.454,0.465,0.087,0.559,0.539,0.557,0.087,0.503,0.504,0.495,0.09,0.089,0.089,0.088,0.087,0.09,0.088,0.088,0.088,0.09,0.09,0.089,0.088,0.541,0.518,0.547,0.09,0.535,0.535,0.521,0.093,0.553,0.526,0.572,0.088,0.094,0.094,0.092,0.09,0.09,0.091,0.09,0.09,0.092,0.092,0.09,0.089,0.56,0.523,0.536,0.091,0.522,0.509,0.519,0.09,0.091,0.091,0.089,0.088,0.082,0.095,0.092,0.09,0.092,0.09,0.092,0.094,0.092,0.092,0.09,0.085,0.588,0.552,0.515,0.087,0.638,0.606,0.589,0.093,0.089,0.089,0.089,0.085,0.095,0.091,0.089,0.087,0.089,0.088,0.087,0.089,0.089,0.089,0.088,0.088
,46:59:20,28,0.428,0.454,0.466,0.087,0.557,0.538,0.555,0.087,0.503,0.505,0.495,0.09,0.089,0.089,0.089,0.088,0.09,0.088,0.088,0.088,0.09,0.09,0.089,0.088,0.543,0.52,0.566,0.09,0.534,0.536,0.521,0.093,0.551,0.525,0.567,0.088,0.094,0.095,0.092,0.09,0.09,0.091,0.09,0.089,0.092,0.092,0.09,0.089,0.561,0.524,0.538,0.092,0.522,0.509,0.519,0.09,0.091,0.091,0.089,0.088,0.083,0.096,0.093,0.09,0.092,0.09,0.092,0.094,0.091,0.091,0.09,0.085,0.583,0.551,0.515,0.088,0.64,0.609,0.59,0.093,0.089,0.089,0.088,0.085,0.096,0.091,0.089,0.087,0.089,0.087,0.087,0.088,0.088,0.089,0.088,0.088
,47:29:20,28.1,0.428,0.454,0.466,0.087,0.554,0.535,0.553,0.086,0.502,0.504,0.494,0.089,0.088,0.088,0.088,0.086,0.089,0.087,0.087,0.087,0.089,0.089,0.088,0.087,0.538,0.516,0.545,0.088,0.531,0.534,0.519,0.09,0.545,0.52,0.563,0.087,0.09,0.091,0.089,0.087,0.088,0.089,0.088,0.087,0.089,0.089,0.089,0.088,0.557,0.52,0.534,0.088,0.518,0.505,0.516,0.087,0.088,0.09,0.087,0.087,0.082,0.091,0.088,0.087,0.09,0.088,0.089,0.091,0.089,0.09,0.089,0.085,0.58,0.546,0.51,0.086,0.641,0.608,0.588,0.092,0.087,0.088,0.087,0.085,0.091,0.088,0.087,0.086,0.088,0.086,0.086,0.088,0.088,0.088,0.088,0.088
,47:59:20,28.4,0.427,0.453,0.467,0.085,0.548,0.531,0.548,0.085,0.5,0.502,0.493,0.088,0.086,0.085,0.085,0.084,0.087,0.085,0.086,0.085,0.087,0.087,0.086,0.085,0.534,0.508,0.549,0.086,0.526,0.53,0.514,0.087,0.538,0.513,0.556,0.085,0.085,0.086,0.086,0.085,0.086,0.087,0.086,0.085,0.087,0.087,0.086,0.086,0.541,0.506,0.524,0.085,0.513,0.501,0.511,0.085,0.086,0.087,0.085,0.085,0.081,0.085,0.085,0.084,0.088,0.085,0.087,0.088,0.087,0.087,0.086,0.084,0.571,0.534,0.502,0.083,0.639,0.604,0.587,0.09,0.085,0.086,0.085,0.084,0.085,0.086,0.085,0.083,0.086,0.084,0.085,0.086,0.086,0.086,0.086,0.086
,48:29:20,28.4,0.429,0.456,0.469,0.086,0.548,0.528,0.548,0.086,0.504,0.506,0.497,0.089,0.088,0.088,0.087,0.086,0.088,0.086,0.086,0.086,0.088,0.088,0.087,0.087,0.54,0.516,0.551,0.088,0.53,0.534,0.518,0.089,0.54,0.515,0.557,0.086,0.092,0.092,0.089,0.087,0.087,0.088,0.087,0.086,0.088,0.088,0.088,0.087,0.555,0.519,0.533,0.088,0.517,0.504,0.516,0.086,0.087,0.089,0.086,0.086,0.083,0.093,0.089,0.086,0.089,0.087,0.089,0.09,0.088,0.088,0.088,0.085,0.58,0.547,0.512,0.086,0.645,0.609,0.592,0.092,0.087,0.088,0.087,0.085,0.096,0.09,0.088,0.085,0.087,0.086,0.086,0.087,0.087,0.087,0.087,0.088
,48:59:20,28.3,0.43,0.459,0.471,0.087,0.548,0.527,0.547,0.086,0.505,0.506,0.498,0.089,0.089,0.09,0.089,0.087,0.089,0.087,0.087,0.087,0.089,0.089,0.088,0.087,0.544,0.522,0.55,0.09,0.532,0.537,0.521,0.09,0.541,0.516,0.557,0.087,0.097,0.096,0.093,0.089,0.089,0.09,0.089,0.087,0.089,0.089,0.089,0.088,0.56,0.526,0.539,0.091,0.522,0.506,0.52,0.088,0.089,0.09,0.087,0.087,0.083,0.098,0.094,0.09,0.091,0.089,0.09,0.091,0.089,0.09,0.089,0.085,0.58,0.551,0.516,0.088,0.65,0.606,0.596,0.093,0.088,0.088,0.088,0.085,0.1,0.094,0.09,0.087,0.089,0.087,0.087,0.088,0.088,0.088,0.088,0.088
,49:29:20,28.4,0.429,0.459,0.473,0.086,0.544,0.523,0.545,0.086,0.503,0.505,0.498,0.089,0.088,0.088,0.088,0.086,0.089,0.086,0.087,0.087,0.089,0.088,0.087,0.087,0.542,0.519,0.545,0.088,0.53,0.535,0.519,0.089,0.538,0.514,0.555,0.086,0.092,0.093,0.09,0.088,0.088,0.089,0.088,0.087,0.088,0.089,0.088,0.087,0.556,0.523,0.537,0.089,0.518,0.506,0.518,0.087,0.088,0.089,0.087,0.086,0.082,0.094,0.091,0.087,0.09,0.088,0.089,0.09,0.089,0.089,0.088,0.085,0.58,0.548,0.513,0.086,0.657,0.604,0.596,0.093,0.087,0.088,0.087,0.085,0.096,0.09,0.088,0.086,0.088,0.086,0.086,0.087,0.087,0.087,0.087,0.087
,49:59:20,28.3,0.429,0.458,0.474,0.087,0.542,0.523,0.544,0.087,0.504,0.506,0.499,0.09,0.089,0.09,0.09,0.087,0.09,0.088,0.088,0.088,0.089,0.089,0.089,0.088,0.546,0.525,0.556,0.09,0.531,0.538,0.52,0.091,0.538,0.515,0.554,0.088,0.096,0.097,0.094,0.09,0.09,0.09,0.089,0.088,0.09,0.09,0.089,0.088,0.563,0.53,0.544,0.091,0.521,0.508,0.521,0.089,0.09,0.09,0.088,0.088,0.083,0.1,0.094,0.09,0.091,0.089,0.09,0.092,0.09,0.09,0.089,0.085,0.58,0.552,0.519,0.088,0.662,0.608,0.599,0.094,0.088,0.089,0.088,0.085,0.1,0.091,0.089,0.087,0.089,0.087,0.087,0.088,0.088,0.088,0.088,0.088
,50:29:20,28.2,0.431,0.458,0.474,0.087,0.54,0.52,0.541,0.087,0.505,0.506,0.501,0.09,0.089,0.091,0.091,0.088,0.09,0.088,0.088,0.088,0.09,0.09,0.089,0.088,0.549,0.526,0.561,0.091,0.531,0.539,0.522,0.093,0.536,0.514,0.551,0.088,0.1,0.1,0.096,0.092,0.091,0.091,0.09,0.089,0.091,0.091,0.09,0.089,0.562,0.531,0.546,0.093,0.524,0.507,0.521,0.09,0.091,0.09,0.089,0.088,0.083,0.103,0.097,0.091,0.092,0.09,0.091,0.093,0.091,0.091,0.09,0.085,0.577,0.551,0.519,0.089,0.66,0.611,0.601,0.096,0.089,0.089,0.089,0.086,0.103,0.094,0.09,0.087,0.089,0.087,0.087,0.088,0.088,0.088,0.088,0.088
,50:59:20,28.2,0.432,0.46,0.475,0.088,0.538,0.518,0.538,0.087,0.504,0.506,0.501,0.09,0.09,0.092,0.091,0.089,0.091,0.089,0.089,0.088,0.09,0.09,0.089,0.089,0.549,0.525,0.562,0.092,0.53,0.54,0.522,0.093,0.533,0.513,0.548,0.088,0.101,0.101,0.097,0.093,0.091,0.092,0.09,0.089,0.092,0.092,0.09,0.089,0.56,0.529,0.545,0.095,0.524,0.507,0.521,0.091,0.091,0.09,0.089,0.088,0.083,0.103,0.098,0.093,0.093,0.091,0.091,0.094,0.092,0.091,0.091,0.085,0.58,0.55,0.518,0.09,0.66,0.613,0.603,0.097,0.089,0.089,0.089,0.086,0.103,0.097,0.092,0.088,0.09,0.088,0.088,0.089,0.089,0.089,0.089,0.089
,51:29:20,28.1,0.431,0.46,0.478,0.087,0.535,0.517,0.536,0.087,0.504,0.506,0.502,0.09,0.089,0.091,0.091,0.088,0.09,0.089,0.089,0.088,0.09,0.091,0.089,0.088,0.55,0.529,0.565,0.092,0.531,0.541,0.522,0.093,0.533,0.511,0.546,0.088,0.1,0.101,0.097,0.093,0.091,0.092,0.091,0.089,0.092,0.092,0.09,0.089,0.563,0.534,0.548,0.094,0.525,0.508,0.522,0.09,0.091,0.091,0.089,0.088,0.083,0.105,0.098,0.092,0.092,0.091,0.091,0.094,0.092,0.091,0.09,0.085,0.573,0.552,0.519,0.089,0.662,0.614,0.603,0.098,0.089,0.089,0.089,0.085,0.103,0.092,0.09,0.087,0.089,0.087,0.087,0.088,0.088,0.088,0.088,0.088
,51:59:20,28.1,0.431,0.46,0.478,0.087,0.531,0.513,0.533,0.086,0.503,0.505,0.501,0.089,0.088,0.089,0.088,0.087,0.089,0.087,0.087,0.087,0.089,0.089,0.088,0.087,0.545,0.521,0.557,0.089,0.526,0.537,0.518,0.09,0.526,0.506,0.541,0.087,0.095,0.096,0.092,0.089,0.089,0.089,0.089,0.087,0.089,0.089,0.088,0.087,0.554,0.525,0.54,0.09,0.519,0.503,0.517,0.088,0.088,0.089,0.087,0.087,0.082,0.098,0.093,0.089,0.09,0.088,0.089,0.091,0.089,0.089,0.089,0.085,0.582,0.544,0.513,0.087,0.66,0.612,0.601,0.096,0.087,0.088,0.087,0.085,0.1,0.092,0.089,0.086,0.088,0.086,0.087,0.087,0.088,0.088,0.088,0.088
,52:29:20,28,0.431,0.462,0.479,0.087,0.53,0.514,0.535,0.087,0.505,0.507,0.504,0.09,0.089,0.09,0.09,0.088,0.09,0.088,0.089,0.088,0.09,0.09,0.089,0.088,0.547,0.525,0.559,0.091,0.529,0.54,0.521,0.093,0.531,0.51,0.545,0.088,0.097,0.098,0.095,0.091,0.091,0.092,0.09,0.089,0.092,0.092,0.09,0.089,0.557,0.528,0.544,0.093,0.523,0.507,0.523,0.09,0.091,0.09,0.089,0.088,0.083,0.101,0.096,0.092,0.092,0.091,0.091,0.094,0.091,0.091,0.09,0.085,0.594,0.546,0.516,0.089,0.664,0.618,0.607,0.097,0.089,0.089,0.089,0.086,0.101,0.094,0.09,0.088,0.089,0.088,0.088,0.089,0.089,0.089,0.088,0.088
,52:59:20,28,0.431,0.461,0.481,0.087,0.527,0.511,0.532,0.087,0.504,0.506,0.504,0.09,0.089,0.09,0.089,0.088,0.09,0.088,0.088,0.088,0.09,0.09,0.089,0.088,0.546,0.522,0.56,0.091,0.528,0.54,0.521,0.093,0.528,0.507,0.543,0.088,0.096,0.097,0.094,0.091,0.09,0.091,0.09,0.089,0.092,0.092,0.09,0.089,0.554,0.527,0.543,0.092,0.522,0.507,0.522,0.09,0.091,0.09,0.089,0.088,0.083,0.099,0.095,0.091,0.092,0.09,0.091,0.094,0.091,0.091,0.09,0.085,0.59,0.544,0.515,0.088,0.665,0.62,0.608,0.097,0.089,0.089,0.089,0.086,0.1,0.092,0.09,0.087,0.089,0.087,0.088,0.088,0.088,0.088,0.088,0.088
,53:29:20,28.1,0.432,0.464,0.481,0.086,0.523,0.507,0.529,0.086,0.503,0.505,0.503,0.089,0.088,0.088,0.088,0.086,0.089,0.087,0.087,0.087,0.089,0.089,0.088,0.087,0.543,0.517,0.553,0.089,0.524,0.537,0.518,0.09,0.524,0.503,0.538,0.087,0.092,0.093,0.09,0.088,0.088,0.089,0.088,0.087,0.089,0.089,0.088,0.087,0.549,0.521,0.537,0.089,0.517,0.503,0.519,0.088,0.088,0.089,0.087,0.087,0.082,0.094,0.09,0.087,0.09,0.088,0.088,0.091,0.089,0.089,0.088,0.085,0.591,0.539,0.51,0.086,0.665,0.619,0.607,0.095,0.087,0.088,0.087,0.085,0.097,0.089,0.088,0.086,0.088,0.086,0.086,0.087,0.087,0.088,0.088,0.087
,53:59:20,28.1,0.433,0.463,0.482,0.087,0.522,0.505,0.527,0.087,0.503,0.505,0.504,0.09,0.089,0.089,0.089,0.087,0.09,0.088,0.088,0.088,0.09,0.09,0.089,0.088,0.546,0.52,0.56,0.09,0.526,0.539,0.52,0.092,0.523,0.502,0.537,0.088,0.095,0.096,0.093,0.09,0.089,0.09,0.089,0.088,0.091,0.091,0.09,0.088,0.551,0.525,0.542,0.091,0.52,0.505,0.52,0.089,0.09,0.09,0.088,0.088,0.083,0.099,0.094,0.09,0.091,0.089,0.09,0.092,0.09,0.09,0.089,0.085,0.576,0.541,0.513,0.087,0.668,0.623,0.61,0.095,0.088,0.089,0.088,0.085,0.1,0.091,0.089,0.087,0.088,0.087,0.087,0.088,0.088,0.088,0.088,0.088
,54:29:20,28.1,0.434,0.465,0.485,0.086,0.52,0.505,0.526,0.086,0.505,0.507,0.507,0.089,0.088,0.089,0.088,0.087,0.089,0.087,0.087,0.087,0.089,0.089,0.088,0.087,0.544,0.519,0.504,0.089,0.525,0.538,0.52,0.09,0.524,0.503,0.54,0.087,0.094,0.095,0.091,0.088,0.089,0.089,0.088,0.087,0.089,0.089,0.088,0.087,0.55,0.523,0.54,0.09,0.519,0.504,0.521,0.088,0.088,0.088,0.087,0.087,0.082,0.097,0.092,0.088,0.09,0.088,0.09,0.091,0.089,0.089,0.088,0.085,0.613,0.541,0.513,0.087,0.673,0.629,0.616,0.094,0.087,0.088,0.087,0.085,0.099,0.092,0.089,0.086,0.089,0.087,0.087,0.087,0.087,0.088,0.088,0.088
,54:59:20,28,0.432,0.466,0.486,0.087,0.515,0.502,0.523,0.087,0.504,0.507,0.506,0.09,0.089,0.089,0.089,0.087,0.09,0.088,0.088,0.088,0.09,0.09,0.089,0.088,0.546,0.521,0.554,0.09,0.526,0.54,0.521,0.092,0.524,0.503,0.538,0.088,0.096,0.097,0.094,0.091,0.09,0.091,0.09,0.089,0.091,0.091,0.09,0.089,0.55,0.525,0.542,0.092,0.521,0.506,0.522,0.09,0.09,0.089,0.089,0.088,0.083,0.099,0.095,0.091,0.092,0.09,0.092,0.093,0.091,0.091,0.09,0.085,0.61,0.541,0.514,0.088,0.677,0.632,0.618,0.095,0.089,0.089,0.088,0.085,0.1,0.093,0.09,0.087,0.089,0.087,0.087,0.088,0.088,0.088,0.088,0.088
,0:00:00,,,,,,,,,,,,,,,,,,,,,,,,,,,,,,,,,,,,,,,,,,,,,,,,,,,,,,,,,,,,,,,,,,,,,,,,,,,,,,,,,,,,,,,,,,,,,,,,,
,0:00:00,,,,,,,,,,,,,,,,,,,,,,,,,,,,,,,,,,,,,,,,,,,,,,,,,,,,,,,,,,,,,,,,,,,,,,,,,,,,,,,,,,,,,,,,,,,,,,,,,
,0:00:00,,,,,,,,,,,,,,,,,,,,,,,,,,,,,,,,,,,,,,,,,,,,,,,,,,,,,,,,,,,,,,,,,,,,,,,,,,,,,,,,,,,,,,,,,,,,,,,,,
,0:00:00,,,,,,,,,,,,,,,,,,,,,,,,,,,,,,,,,,,,,,,,,,,,,,,,,,,,,,,,,,,,,,,,,,,,,,,,,,,,,,,,,,,,,,,,,,,,,,,,,
,0:00:00,,,,,,,,,,,,,,,,,,,,,,,,,,,,,,,,,,,,,,,,,,,,,,,,,,,,,,,,,,,,,,,,,,,,,,,,,,,,,,,,,,,,,,,,,,,,,,,,,
,0:00:00,,,,,,,,,,,,,,,,,,,,,,,,,,,,,,,,,,,,,,,,,,,,,,,,,,,,,,,,,,,,,,,,,,,,,,,,,,,,,,,,,,,,,,,,,,,,,,,,,
,0:00:00,,,,,,,,,,,,,,,,,,,,,,,,,,,,,,,,,,,,,,,,,,,,,,,,,,,,,,,,,,,,,,,,,,,,,,,,,,,,,,,,,,,,,,,,,,,,,,,,,
,0:00:00,,,,,,,,,,,,,,,,,,,,,,,,,,,,,,,,,,,,,,,,,,,,,,,,,,,,,,,,,,,,,,,,,,,,,,,,,,,,,,,,,,,,,,,,,,,,,,,,,
,0:00:00,,,,,,,,,,,,,,,,,,,,,,,,,,,,,,,,,,,,,,,,,,,,,,,,,,,,,,,,,,,,,,,,,,,,,,,,,,,,,,,,,,,,,,,,,,,,,,,,,
,0:00:00,,,,,,,,,,,,,,,,,,,,,,,,,,,,,,,,,,,,,,,,,,,,,,,,,,,,,,,,,,,,,,,,,,,,,,,,,,,,,,,,,,,,,,,,,,,,,,,,,
,0:00:00,,,,,,,,,,,,,,,,,,,,,,,,,,,,,,,,,,,,,,,,,,,,,,,,,,,,,,,,,,,,,,,,,,,,,,,,,,,,,,,,,,,,,,,,,,,,,,,,,
,0:00:00,,,,,,,,,,,,,,,,,,,,,,,,,,,,,,,,,,,,,,,,,,,,,,,,,,,,,,,,,,,,,,,,,,,,,,,,,,,,,,,,,,,,,,,,,,,,,,,,,
,0:00:00,,,,,,,,,,,,,,,,,,,,,,,,,,,,,,,,,,,,,,,,,,,,,,,,,,,,,,,,,,,,,,,,,,,,,,,,,,,,,,,,,,,,,,,,,,,,,,,,,
,0:00:00,,,,,,,,,,,,,,,,,,,,,,,,,,,,,,,,,,,,,,,,,,,,,,,,,,,,,,,,,,,,,,,,,,,,,,,,,,,,,,,,,,,,,,,,,,,,,,,,,
,0:00:00,,,,,,,,,,,,,,,,,,,,,,,,,,,,,,,,,,,,,,,,,,,,,,,,,,,,,,,,,,,,,,,,,,,,,,,,,,,,,,,,,,,,,,,,,,,,,,,,,
,0:00:00,,,,,,,,,,,,,,,,,,,,,,,,,,,,,,,,,,,,,,,,,,,,,,,,,,,,,,,,,,,,,,,,,,,,,,,,,,,,,,,,,,,,,,,,,,,,,,,,,
,0:00:00,,,,,,,,,,,,,,,,,,,,,,,,,,,,,,,,,,,,,,,,,,,,,,,,,,,,,,,,,,,,,,,,,,,,,,,,,,,,,,,,,,,,,,,,,,,,,,,,,
,0:00:00,,,,,,,,,,,,,,,,,,,,,,,,,,,,,,,,,,,,,,,,,,,,,,,,,,,,,,,,,,,,,,,,,,,,,,,,,,,,,,,,,,,,,,,,,,,,,,,,,
,0:00:00,,,,,,,,,,,,,,,,,,,,,,,,,,,,,,,,,,,,,,,,,,,,,,,,,,,,,,,,,,,,,,,,,,,,,,,,,,,,,,,,,,,,,,,,,,,,,,,,,
,0:00:00,,,,,,,,,,,,,,,,,,,,,,,,,,,,,,,,,,,,,,,,,,,,,,,,,,,,,,,,,,,,,,,,,,,,,,,,,,,,,,,,,,,,,,,,,,,,,,,,,
,0:00:00,,,,,,,,,,,,,,,,,,,,,,,,,,,,,,,,,,,,,,,,,,,,,,,,,,,,,,,,,,,,,,,,,,,,,,,,,,,,,,,,,,,,,,,,,,,,,,,,,
,0:00:00,,,,,,,,,,,,,,,,,,,,,,,,,,,,,,,,,,,,,,,,,,,,,,,,,,,,,,,,,,,,,,,,,,,,,,,,,,,,,,,,,,,,,,,,,,,,,,,,,
,0:00:00,,,,,,,,,,,,,,,,,,,,,,,,,,,,,,,,,,,,,,,,,,,,,,,,,,,,,,,,,,,,,,,,,,,,,,,,,,,,,,,,,,,,,,,,,,,,,,,,,
,0:00:00,,,,,,,,,,,,,,,,,,,,,,,,,,,,,,,,,,,,,,,,,,,,,,,,,,,,,,,,,,,,,,,,,,,,,,,,,,,,,,,,,,,,,,,,,,,,,,,,,
,0:00:00,,,,,,,,,,,,,,,,,,,,,,,,,,,,,,,,,,,,,,,,,,,,,,,,,,,,,,,,,,,,,,,,,,,,,,,,,,,,,,,,,,,,,,,,,,,,,,,,,
,0:00:00,,,,,,,,,,,,,,,,,,,,,,,,,,,,,,,,,,,,,,,,,,,,,,,,,,,,,,,,,,,,,,,,,,,,,,,,,,,,,,,,,,,,,,,,,,,,,,,,,
,0:00:00,,,,,,,,,,,,,,,,,,,,,,,,,,,,,,,,,,,,,,,,,,,,,,,,,,,,,,,,,,,,,,,,,,,,,,,,,,,,,,,,,,,,,,,,,,,,,,,,,
,0:00:00,,,,,,,,,,,,,,,,,,,,,,,,,,,,,,,,,,,,,,,,,,,,,,,,,,,,,,,,,,,,,,,,,,,,,,,,,,,,,,,,,,,,,,,,,,,,,,,,,
,0:00:00,,,,,,,,,,,,,,,,,,,,,,,,,,,,,,,,,,,,,,,,,,,,,,,,,,,,,,,,,,,,,,,,,,,,,,,,,,,,,,,,,,,,,,,,,,,,,,,,,
,0:00:00,,,,,,,,,,,,,,,,,,,,,,,,,,,,,,,,,,,,,,,,,,,,,,,,,,,,,,,,,,,,,,,,,,,,,,,,,,,,,,,,,,,,,,,,,,,,,,,,,
,0:00:00,,,,,,,,,,,,,,,,,,,,,,,,,,,,,,,,,,,,,,,,,,,,,,,,,,,,,,,,,,,,,,,,,,,,,,,,,,,,,,,,,,,,,,,,,,,,,,,,,
,0:00:00,,,,,,,,,,,,,,,,,,,,,,,,,,,,,,,,,,,,,,,,,,,,,,,,,,,,,,,,,,,,,,,,,,,,,,,,,,,,,,,,,,,,,,,,,,,,,,,,,
,0:00:00,,,,,,,,,,,,,,,,,,,,,,,,,,,,,,,,,,,,,,,,,,,,,,,,,,,,,,,,,,,,,,,,,,,,,,,,,,,,,,,,,,,,,,,,,,,,,,,,,
,0:00:00,,,,,,,,,,,,,,,,,,,,,,,,,,,,,,,,,,,,,,,,,,,,,,,,,,,,,,,,,,,,,,,,,,,,,,,,,,,,,,,,,,,,,,,,,,,,,,,,,
,0:00:00,,,,,,,,,,,,,,,,,,,,,,,,,,,,,,,,,,,,,,,,,,,,,,,,,,,,,,,,,,,,,,,,,,,,,,,,,,,,,,,,,,,,,,,,,,,,,,,,,
,,,,,,,,,,,,,,,,,,,,,,,,,,,,,,,,,,,,,,,,,,,,,,,,,,,,,,,,,,,,,,,,,,,,,,,,,,,,,,,,,,,,,,,,,,,,,,,,,,
Results,,,,,,,,,,,,,,,,,,,,,,,,,,,,,,,,,,,,,,,,,,,,,,,,,,,,,,,,,,,,,,,,,,,,,,,,,,,,,,,,,,,,,,,,,,,,,,,,,,
,,,,,,,,,,,,,,,,,,,,,,,,,,,,,,,,,,,,,,,,,,,,,,,,,,,,,,,,,,,,,,,,,,,,,,,,,,,,,,,,,,,,,,,,,,,,,,,,,,
,,1,2,3,4,5,6,7,8,9,10,11,12,,,,,,,,,,,,,,,,,,,,,,,,,,,,,,,,,,,,,,,,,,,,,,,,,,,,,,,,,,,,,,,,,,,,,,,,,,,,,,,,,,,,,
,A,0.837,0.77,0.8,0.117,1.08,0.98,0.957,0.117,1.183,1.097,1.12,0.093,Max V [600],,,,,,,,,,,,,,,,,,,,,,,,,,,,,,,,,,,,,,,,,,,,,,,,,,,,,,,,,,,,,,,,,,,,,,,,,,,,,,,,,,,,
,,1,1,1,1,1,1,1,1,1,1,1,1,R-Squared [600],,,,,,,,,,,,,,,,,,,,,,,,,,,,,,,,,,,,,,,,,,,,,,,,,,,,,,,,,,,,,,,,,,,,,,,,,,,,,,,,,,,,
,,16:14:20,15:44:20,16:44:20,1:14:20,13:44:20,14:14:20,14:14:20,10:14:20,14:44:20,14:44:20,14:44:20,1:14:20,t at Max V [600],,,,,,,,,,,,,,,,,,,,,,,,,,,,,,,,,,,,,,,,,,,,,,,,,,,,,,,,,,,,,,,,,,,,,,,,,,,,,,,,,,,,
,,13:26:21,13:13:29,13:12:35,0:49:03,11:51:11,11:31:53,11:32:28,9:43:54,13:15:18,12:54:57,12:55:46,0:49:41,Lagtime [600],,,,,,,,,,,,,,,,,,,,,,,,,,,,,,,,,,,,,,,,,,,,,,,,,,,,,,,,,,,,,,,,,,,,,,,,,,,,,,,,,,,,
,B,0.197,0.283,0.277,0.25,0.237,0.233,0.223,0.103,0.127,0.223,0.163,0.163,Max V [600],,,,,,,,,,,,,,,,,,,,,,,,,,,,,,,,,,,,,,,,,,,,,,,,,,,,,,,,,,,,,,,,,,,,,,,,,,,,,,,,,,,,
,,1,1,1,1,1,1,1,1,1,1,1,1,R-Squared [600],,,,,,,,,,,,,,,,,,,,,,,,,,,,,,,,,,,,,,,,,,,,,,,,,,,,,,,,,,,,,,,,,,,,,,,,,,,,,,,,,,,,
,,1:14:20,1:14:20,10:14:20,1:14:20,1:14:20,1:14:20,1:14:20,10:14:20,1:14:20,1:14:20,1:14:20,1:14:20,t at Max V [600],,,,,,,,,,,,,,,,,,,,,,,,,,,,,,,,,,,,,,,,,,,,,,,,,,,,,,,,,,,,,,,,,,,,,,,,,,,,,,,,,,,,
,,0:51:12,0:44:31,9:45:14,0:43:44,0:46:39,0:46:54,0:47:41,9:32:14,0:49:04,0:45:54,0:50:09,0:47:05,Lagtime [600],,,,,,,,,,,,,,,,,,,,,,,,,,,,,,,,,,,,,,,,,,,,,,,,,,,,,,,,,,,,,,,,,,,,,,,,,,,,,,,,,,,,
,C,0.773,0.817,-1.84,0.32,0.897,1.347,0.763,0.267,0.907,0.853,0.943,0.197,Max V [600],,,,,,,,,,,,,,,,,,,,,,,,,,,,,,,,,,,,,,,,,,,,,,,,,,,,,,,,,,,,,,,,,,,,,,,,,,,,,,,,,,,,
,,1,1,1,1,1,1,1,1,1,1,1,1,R-Squared [600],,,,,,,,,,,,,,,,,,,,,,,,,,,,,,,,,,,,,,,,,,,,,,,,,,,,,,,,,,,,,,,,,,,,,,,,,,,,,,,,,,,,
,,15:14:20,15:14:20,54:14:20,1:14:20,14:44:20,13:14:20,14:44:20,10:14:20,14:44:20,15:14:20,14:44:20,1:14:20,t at Max V [600],,,,,,,,,,,,,,,,,,,,,,,,,,,,,,,,,,,,,,,,,,,,,,,,,,,,,,,,,,,,,,,,,,,,,,,,,,,,,,,,,,,,
,,11:32:42,12:08:16,?????,0:43:24,12:08:15,11:55:28,11:43:21,9:45:05,11:41:15,11:40:00,11:42:41,0:47:38,Lagtime [600],,,,,,,,,,,,,,,,,,,,,,,,,,,,,,,,,,,,,,,,,,,,,,,,,,,,,,,,,,,,,,,,,,,,,,,,,,,,,,,,,,,,
,D,0.44,0.363,0.347,0.347,0.32,0.297,0.31,0.283,0.3,0.283,0.24,0.21,Max V [600],,,,,,,,,,,,,,,,,,,,,,,,,,,,,,,,,,,,,,,,,,,,,,,,,,,,,,,,,,,,,,,,,,,,,,,,,,,,,,,,,,,,
,,1,1,1,1,1,1,1,1,1,1,1,1,R-Squared [600],,,,,,,,,,,,,,,,,,,,,,,,,,,,,,,,,,,,,,,,,,,,,,,,,,,,,,,,,,,,,,,,,,,,,,,,,,,,,,,,,,,,
,,1:14:20,33:44:20,10:14:20,1:14:20,1:14:20,1:14:20,1:14:20,1:14:20,10:14:20,10:14:20,1:14:20,1:14:20,t at Max V [600],,,,,,,,,,,,,,,,,,,,,,,,,,,,,,,,,,,,,,,,,,,,,,,,,,,,,,,,,,,,,,,,,,,,,,,,,,,,,,,,,,,,
,,0:48:25,33:20:32,9:37:07,0:43:28,0:44:39,0:44:50,0:47:43,0:43:27,9:43:40,9:42:02,0:45:10,0:47:26,Lagtime [600],,,,,,,,,,,,,,,,,,,,,,,,,,,,,,,,,,,,,,,,,,,,,,,,,,,,,,,,,,,,,,,,,,,,,,,,,,,,,,,,,,,,
,E,0.91,0.837,0.947,0.353,0.8,0.83,0.817,0.3,0.313,0.21,0.25,0.213,Max V [600],,,,,,,,,,,,,,,,,,,,,,,,,,,,,,,,,,,,,,,,,,,,,,,,,,,,,,,,,,,,,,,,,,,,,,,,,,,,,,,,,,,,
,,1,1,1,1,1,1,1,1,1,1,1,1,R-Squared [600],,,,,,,,,,,,,,,,,,,,,,,,,,,,,,,,,,,,,,,,,,,,,,,,,,,,,,,,,,,,,,,,,,,,,,,,,,,,,,,,,,,,
,,14:44:20,14:44:20,14:44:20,1:14:20,14:44:20,14:44:20,14:44:20,1:14:20,10:14:20,1:14:20,10:14:20,1:14:20,t at Max V [600],,,,,,,,,,,,,,,,,,,,,,,,,,,,,,,,,,,,,,,,,,,,,,,,,,,,,,,,,,,,,,,,,,,,,,,,,,,,,,,,,,,,
,,12:03:44,11:49:18,12:07:22,0:42:21,11:47:43,11:56:48,11:52:29,0:44:00,9:45:17,0:46:29,9:46:08,0:48:05,Lagtime [600],,,,,,,,,,,,,,,,,,,,,,,,,,,,,,,,,,,,,,,,,,,,,,,,,,,,,,,,,,,,,,,,,,,,,,,,,,,,,,,,,,,,
,F,-0.127,0.43,0.367,0.377,0.313,0.293,0.313,0.293,0.283,0.21,0.24,0.12,Max V [600],,,,,,,,,,,,,,,,,,,,,,,,,,,,,,,,,,,,,,,,,,,,,,,,,,,,,,,,,,,,,,,,,,,,,,,,,,,,,,,,,,,,
,,1,1,1,1,1,1,1,1,1,1,1,1,R-Squared [600],,,,,,,,,,,,,,,,,,,,,,,,,,,,,,,,,,,,,,,,,,,,,,,,,,,,,,,,,,,,,,,,,,,,,,,,,,,,,,,,,,,,
,,4:14:20,33:44:20,33:44:20,1:14:20,1:14:20,1:14:20,1:14:20,1:14:20,1:14:20,10:14:20,10:14:20,1:14:20,t at Max V [600],,,,,,,,,,,,,,,,,,,,,,,,,,,,,,,,,,,,,,,,,,,,,,,,,,,,,,,,,,,,,,,,,,,,,,,,,,,,,,,,,,,,
,,4:40:23,33:27:14,33:31:15,0:45:00,0:47:12,0:43:19,0:45:17,0:46:23,0:46:16,9:32:11,9:46:25,0:49:20,Lagtime [600],,,,,,,,,,,,,,,,,,,,,,,,,,,,,,,,,,,,,,,,,,,,,,,,,,,,,,,,,,,,,,,,,,,,,,,,,,,,,,,,,,,,
,G,1.25,0.95,0.877,0.25,0.773,0.997,0.707,0.247,0.25,0.183,0.217,0.157,Max V [600],,,,,,,,,,,,,,,,,,,,,,,,,,,,,,,,,,,,,,,,,,,,,,,,,,,,,,,,,,,,,,,,,,,,,,,,,,,,,,,,,,,,
,,1,1,1,1,1,1,1,1,1,1,1,1,R-Squared [600],,,,,,,,,,,,,,,,,,,,,,,,,,,,,,,,,,,,,,,,,,,,,,,,,,,,,,,,,,,,,,,,,,,,,,,,,,,,,,,,,,,,
,,54:14:20,15:14:20,14:44:20,1:14:20,15:44:20,15:44:20,15:44:20,1:14:20,1:14:20,1:14:20,10:14:20,1:14:20,t at Max V [600],,,,,,,,,,,,,,,,,,,,,,,,,,,,,,,,,,,,,,,,,,,,,,,,,,,,,,,,,,,,,,,,,,,,,,,,,,,,,,,,,,,,
,,47:26:22,12:27:58,12:09:57,0:48:32,13:19:07,13:36:52,13:12:30,0:48:48,0:48:32,0:49:31,9:51:02,0:50:24,Lagtime [600],,,,,,,,,,,,,,,,,,,,,,,,,,,,,,,,,,,,,,,,,,,,,,,,,,,,,,,,,,,,,,,,,,,,,,,,,,,,,,,,,,,,
,H,0.46,0.373,0.253,0.163,0.13,0.143,0.187,0.177,0.16,0.153,0.127,0.13,Max V [600],,,,,,,,,,,,,,,,,,,,,,,,,,,,,,,,,,,,,,,,,,,,,,,,,,,,,,,,,,,,,,,,,,,,,,,,,,,,,,,,,,,,
,,1,1,1,1,1,1,1,1,1,1,1,1,R-Squared [600],,,,,,,,,,,,,,,,,,,,,,,,,,,,,,,,,,,,,,,,,,,,,,,,,,,,,,,,,,,,,,,,,,,,,,,,,,,,,,,,,,,,
,,1:14:20,1:14:20,1:14:20,1:14:20,1:14:20,1:14:20,1:14:20,1:14:20,10:14:20,1:14:20,1:14:20,1:14:20,t at Max V [600],,,,,,,,,,,,,,,,,,,,,,,,,,,,,,,,,,,,,,,,,,,,,,,,,,,,,,,,,,,,,,,,,,,,,,,,,,,,,,,,,,,,
,,0:57:49,1:13:16,0:55:47,0:51:22,0:53:57,0:53:03,0:53:59,0:55:56,9:57:28,0:55:25,0:53:01,0:57:48,Lagtime [600],,,,,,,,,,,,,,,,,,,,,,,,,,,,,,,,,,,,,,,,,,,,,,,,,,,,,,,,,,,,,,,,,,,,,,,,,,,,,,,,,,,,